codigo_estacao,latitude,longitude,p95,p99,n_obs
A001,-15.7894,-47.9258,24.1,25.875,26
A002,-16.6428,-49.2203,22.3,22.983999999999998,25
A003,-17.745,-49.1017,23.88,24.77,24
A004,-14.4694,-48.4858,23.305,23.781,18
A005,-13.3094,-49.1175,22.2,23.24,14
A006,-14.5333,-49.9667,17.125,17.345,6
A007,-15.4333,-50.3667,23.235,23.447,2
A008,-15.9075,-48.12,23.6,24.08,11
A009,-10.1478,-48.3144,23.09,23.337,22
A010,-12.615,-47.8719,22.2,24.200000000000003,21
A011,-18.9692,-50.6333,24.72,24.863999999999997,19
A012,-16.2606,-47.9669,23.835,24.367,20
A013,-15.9028,-52.2453,22.509999999999994,24.022,19
A014,-15.9397,-50.1414,23.91,23.982,19
A015,-14.9797,-49.5394,23.88,24.456,17
A016,-17.9236,-51.7175,24.23,24.446,19
A017,-14.0892,-46.3664,23.23,23.446,19
A018,-12.0153,-48.5444,24.71,24.782,19
A019,-11.745,-49.0517,22.459999999999994,24.332,19
A020,-8.9686,-48.1772,23.43,23.646,19
A021,-7.1039,-48.2011,17.889999999999997,18.538,19
A022,-15.2203,-48.99,24.15,24.51,19
A023,-16.9669,-51.8175,23.65,24.01,19
A024,-14.1331,-47.5233,22.119999999999997,23.784,17
A025,-17.7853,-50.965,24.959999999999997,25.392,19
A026,-17.4547,-52.6011,24.81,24.881999999999998,19
A027,-16.9625,-50.4256,23.86,24.131999999999998,18
A028,-16.4231,-51.1489,24.38,24.716,13
A029,-17.3369,-49.9147,37.12,40.544,9
A031,-12.8206,-50.3358,28.78,29.036,9
A032,-13.2536,-46.8903,24.64,24.928,19
A033,-17.3042,-48.2842,23.5,23.5,19
A034,-18.1547,-47.9275,21.759999999999998,22.032,18
A035,-18.4097,-49.1919,24.36,24.791999999999998,19
A036,-16.785,-47.6131,24.66,24.932,18
A037,-16.6797,-48.6181,21.7,23.62,16
A038,-11.5944,-46.8472,24.415,24.483,18
A039,-11.8875,-49.6083,23.709999999999997,24.661999999999995,18
A040,-10.4344,-45.9219,24.2,24.2,13
A041,-9.5764,-49.7233,24.67,24.774,14
A042,-15.5997,-48.1311,28.279999999999998,29.976,9
A043,-8.1547,-46.6394,19.14,19.428,10
A044,-5.6436,-48.1119,24.175,24.355,16
A045,-15.5964,-47.6258,21.544999999999998,21.749,18
A046,-15.9353,-48.1375,25.72,26.424000000000003,12
A047,-16.0122,-47.5575,23.1,23.26,9
A048,-7.1242,-48.7813,33.249999999999986,36.49,10
A049,-8.0928,-48.4786,33.234999999999985,38.167,10
A050,-9.7934,-47.1327,27.46999999999999,29.413999999999998,10
A051,-10.4769,-49.6294,21.38,21.476,9
A052,-11.4289,-48.185,22.2,23.16,11
A053,-11.2842,-47.2122,24.099999999999998,24.82,10
A054,-12.5922,-49.5286,23.6,23.84,11
A055,-10.8283,-49.8479,25.18499999999999,28.317000000000004,10
A056,-16.3994,-47.6258,41.72,42.504000000000005,8
A101,-3.1033,-60.0164,38.375,40.575,26
A102,-9.3583,-69.9264,22.349999999999998,22.63,15
A104,-9.9592,-67.869,23.759999999999998,23.951999999999998,17
A108,-7.6106,-72.6811,19.14,19.588,9
A109,-6.6503,-69.8686,21.735,22.267,8
A110,-8.7767,-67.3325,22.68,23.256,17
A111,-7.2606,-64.7886,19.93,20.066,18
A112,-7.5525,-63.0714,24.259999999999998,24.451999999999998,17
A113,-7.2056,-59.8886,23.625,23.685,16
A117,-4.0975,-63.1453,21.53,21.666,18
A119,-3.2947,-60.6283,22.055,23.211,18
A121,-3.1333,-58.4828,20.199999999999996,21.559999999999995,18
A122,-3.3989,-57.6739,19.275,19.455,16
A123,-2.6392,-56.7561,18.825,20.325,16
A124,-2.5347,-57.7581,17.0,17.32,17
A125,-2.6336,-59.6006,21.964999999999996,24.072999999999997,18
A126,-2.0567,-60.0258,20.5,24.099999999999998,16
A127,-2.629,-60.9411,14.8,14.8,1
A128,-0.9872,-62.9242,19.48,20.696,17
A133,-5.7886,-61.2883,23.04,24.608,9
A134,-0.1253,-67.0611,19.259999999999998,19.372,8
A135,2.8169,-60.6908,23.15,24.23,16
A136,-8.2672,-72.7478,19.89,19.978,12
A137,-8.95,-72.7867,24.92,24.984,9
A138,-8.1428,-70.3436,23.95,24.07,16
A140,-11.0239,-68.7353,20.459999999999997,21.692,15
A144,-8.0911,-60.3806,21.525,23.265,6
A201,-1.4112,-48.4395,19.57,20.068,23
A202,-1.3008,-47.9481,20.839999999999996,21.156,23
A203,-2.5267,-44.2136,17.58,18.246,23
A204,-7.4556,-46.0275,23.619999999999997,24.163999999999998,18
A205,-7.3372,-47.4597,20.999999999999996,21.72,19
A206,-3.7428,-43.3522,23.58,24.476,17
A207,-5.8161,-46.1622,20.374999999999993,22.715000000000003,10
A208,-7.5618,-49.6988,18.36,18.472,2
A209,-3.5108,-52.9633,17.729999999999997,18.346,15
A210,-3.8436,-50.6381,20.979999999999997,21.555999999999997,13
A211,-3.8642,-54.2164,21.34,23.708000000000002,17
A212,-2.9006,-47.495,23.889999999999997,24.538,19
A213,-2.5925,-48.3606,19.515,19.583000000000002,18
A214,-4.8275,-48.1736,21.34,22.108,17
A215,-0.6189,-47.3567,17.455,18.610999999999997,18
A216,-6.6397,-51.9569,31.999999999999993,35.519999999999996,9
A217,-2.2708,-43.6242,23.035,24.047,12
A218,-2.5922,-42.7075,18.75,19.27,11
A219,-1.6611,-45.3725,19.06,19.252,17
A220,-4.2431,-44.795,22.36,22.552,17
A221,-5.5067,-45.2369,21.479999999999997,23.656,17
A222,-6.0331,-44.2333,23.534999999999997,24.147,18
A223,-9.1083,-45.9319,22.16,22.432,18
A224,-6.6533,-47.4183,24.19,24.598,18
A225,-5.5558,-47.4597,24.9,24.9,18
A226,-1.0558,-46.7828,24.915,24.983,18
A227,-0.7278,-48.5158,20.199999999999996,22.999999999999996,15
A228,-1.6803,-50.4781,30.4,30.88,5
A229,-3.8228,-49.675,23.025,23.085,16
A230,-6.0775,-50.1422,23.439999999999998,24.447999999999997,15
A231,-4.2769,-55.9931,21.405,22.600999999999996,14
A232,-1.8808,-55.5197,23.679999999999996,24.255999999999997,4
A233,-9.3406,-50.3503,24.625,24.685,16
A234,-6.7433,-51.1419,22.75,23.669999999999998,11
A235,-4.2439,-49.9394,23.95,24.07,16
A236,-2.2397,-49.4997,19.56,20.231999999999996,13
A237,-4.8214,-43.3436,23.88,24.136,17
A238,-4.3206,-46.4494,21.99,22.717999999999996,14
A239,-2.0,-54.0764,23.779999999999998,23.875999999999998,13
A240,-5.3664,-49.0511,22.499999999999996,23.22,13
A241,-8.3036,-49.2828,24.345,24.549,18
A242,3.8136,-51.8625,18.775,18.955,16
A243,1.4967,-50.9167,23.549999999999997,24.47,11
A244,0.6942,-51.4039,23.779999999999998,24.676,15
A245,-1.8219,-52.1117,17.77,17.794,4
A246,-6.32,-55.7878,22.05,22.25,11
A247,-7.1106,-49.9261,45.69999999999999,47.86,10
A248,-1.7347,-47.0575,21.029999999999998,21.646,15
A249,0.035,-51.0889,23.599999999999998,24.32,13
A250,-2.5025,-54.7203,21.519999999999992,23.823999999999998,10
A251,0.5678,-50.8236,35.22,38.804,5
A252,-4.2806,-47.5639,40.68,41.016,8
A253,-3.27,-52.3947,35.099999999999994,38.21999999999999,7
A254,-8.0433,-50.0069,22.869999999999997,23.614,7
A255,-3.2692,-45.6511,35.48,38.776,5
A256,-8.7297,-49.8564,41.04,42.688,5
A301,-8.0592,-34.9592,21.48,22.296,18
A302,0.9169,-29.3458,23.485,24.297,8
A303,-9.5511,-35.7703,24.525,24.857999999999997,22
A304,-5.8372,-35.2081,21.179999999999996,23.116000000000003,23
A305,-3.8158,-38.5378,15.88,21.90600000000001,23
A306,-3.7481,-40.3458,22.575000000000003,23.863999999999997,22
A307,-9.3883,-40.5233,24.189999999999998,25.858999999999998,22
A308,-3.0867,-41.7831,21.53,23.496,22
A309,-8.4336,-37.0556,24.51,24.679,22
A310,-6.9756,-35.7181,18.0,18.552999999999997,22
A311,-6.7614,-43.0033,22.0,22.72,21
A312,-5.0347,-42.8014,22.515,22.743,20
A313,-7.2256,-35.9047,19.060000000000002,19.971999999999998,20
A314,-4.2292,-38.9589,18.209999999999997,19.161999999999995,18
A315,-7.3008,-39.2711,21.4,23.0,17
A316,-6.4675,-37.085,24.53,24.746000000000002,19
A317,-5.1511,-36.5731,24.019999999999996,24.563999999999997,18
A318,-4.9042,-37.3669,21.944999999999997,22.148999999999997,18
A319,-6.3964,-39.2689,23.24,24.248,19
A320,-7.1653,-34.8156,20.379999999999992,23.116000000000003,19
A321,-7.0797,-37.2728,23.93,24.146,19
A322,-8.9108,-36.4933,18.689999999999998,19.338,19
A323,-9.7492,-37.4308,21.49,23.257999999999996,18
A324,-6.0175,-40.2814,22.0,23.2,16
A325,-5.1744,-39.2894,23.16,23.592,19
A326,-9.08,-44.3278,24.63,24.846,19
A327,-9.4203,-36.6203,20.11,20.902,19
A328,-7.8425,-35.7903,17.69,18.098,18
A329,-8.5039,-39.3153,23.419999999999998,23.564,19
A330,-8.1322,-41.1431,26.21999999999997,35.724000000000004,19
A331,-8.3644,-42.2525,23.264999999999993,26.732999999999993,18
A332,-5.0911,-38.3647,23.979999999999997,24.556,19
A333,-6.8358,-38.3117,21.79,22.438000000000002,19
A334,-7.8944,-37.1247,21.939999999999998,22.228,19
A335,-4.2761,-41.7944,23.12,23.264,19
A336,-8.3764,-43.8594,23.74,23.868,17
A337,-9.2858,-43.3244,22.389999999999997,24.157999999999998,18
A338,-3.8994,-42.2594,23.259999999999998,24.492,12
A339,-4.8378,-37.6997,21.579999999999995,22.876,19
A340,-5.6267,-37.815,22.255,23.410999999999998,18
A341,-8.3653,-36.0283,19.619999999999997,20.483999999999998,19
A342,-5.1867,-40.6722,24.034999999999997,24.647,18
A343,-7.0711,-41.4042,22.084999999999997,23.376999999999995,18
A344,-5.16,-35.4875,22.599999999999998,22.839999999999996,13
A345,-9.0331,-42.7011,20.73,20.866,18
A346,-7.4414,-44.345,15.909999999999995,18.221999999999994,18
A347,-7.0778,-40.3628,23.029999999999998,23.646,15
A348,-7.4833,-36.2864,23.39,23.798,18
A349,-8.5094,-37.7117,23.505,23.980999999999998,18
A350,-7.9542,-38.295,22.939999999999998,23.708,17
A351,-8.5989,-38.5842,22.465,23.212999999999997,18
A352,-6.5619,-35.1353,17.619999999999997,19.604,17
A353,-9.8044,-36.6192,19.465,20.212999999999997,18
A354,-6.9742,-42.1469,22.919999999999998,22.983999999999998,17
A355,-10.1286,-36.2864,18.019999999999996,20.964,17
A356,-9.2875,-35.5658,16.14,16.588,17
A357,-8.6667,-35.5681,19.09999999999999,23.17999999999999,18
A358,-5.9056,-38.6278,23.38,23.956,17
A359,-3.4842,-39.5886,22.599999999999994,24.279999999999998,15
A360,-3.1211,-40.0872,19.0,19.0,15
A361,-5.3492,-41.5122,20.154999999999998,20.831,14
A362,-5.9111,-42.7186,24.3,24.540000000000003,11
A363,-6.4236,-41.7489,24.14,24.268,17
A364,-9.8753,-45.3458,23.18,23.756,17
A365,-8.1181,-42.9758,22.4,22.4,16
A366,-7.8858,-40.1028,21.475,22.375,16
A367,-6.2281,-36.0267,18.145,18.509,14
A368,-3.7322,-41.0119,19.99,20.398,7
A369,-4.9789,-39.0572,18.45,18.49,6
A370,-8.0581,-39.0961,25.9,26.86,9
A371,-9.6222,-37.7672,26.699999999999996,28.459999999999997,9
A372,-5.535,-36.8722,35.4,40.36,9
A373,-7.3183,-38.1408,20.975,21.155,6
A374,-10.4292,-45.1731,24.914999999999996,27.462999999999997,8
A375,-8.3335,-45.0946,27.009999999999994,29.642,8
A376,-4.8642,-42.1456,21.94,22.228,7
A377,-6.0894,-42.7275,45.8,46.99999999999999,4
A401,-13.0056,-38.5058,44.975,46.574999999999996,26
A402,-12.1247,-45.0269,23.4,23.634,23
A403,-12.7626,-38.1691,24.55,24.91,11
A404,-12.1525,-45.8297,23.704999999999995,24.284999999999997,24
A405,-17.7394,-39.2586,19.77,21.282,23
A406,-12.6756,-39.0894,18.069999999999997,18.434,23
A407,-13.5278,-40.1197,18.0,19.76,21
A408,-12.5242,-40.2997,23.09,23.646,23
A409,-10.9525,-37.0544,35.59999999999997,40.96600000000001,23
A410,-14.6589,-39.1814,25.479999999999993,28.743999999999996,22
A411,-9.3781,-38.2267,20.84,21.288,15
A412,-12.1317,-40.3542,24.3,24.38,21
A413,-12.1961,-38.9675,22.644999999999996,24.208999999999996,18
A414,-14.8864,-40.8014,20.09999999999999,22.98,19
A415,-11.0033,-44.5364,21.7,21.7,18
A416,-13.3325,-44.6175,23.74,24.748,19
A417,-11.2725,-37.795,21.979999999999993,23.996000000000002,19
A418,-13.2511,-43.4053,19.935,20.546999999999997,18
A419,-10.7381,-38.1083,21.08,21.896,13
A420,-10.3997,-37.7475,23.595,24.479,14
A421,-10.4739,-36.4819,16.459999999999997,18.252,17
A422,-17.9631,-38.7033,24.52,24.663999999999998,13
A423,-9.6256,-42.0772,24.19,24.598,18
A424,-11.3289,-41.8644,21.109999999999996,22.061999999999998,18
A425,-12.5578,-41.3889,19.359999999999996,22.112,17
A426,-14.2081,-42.7497,23.16,23.432,18
A427,-16.3889,-39.1825,23.56,23.752,17
A428,-10.4431,-40.1483,20.654999999999998,23.170999999999996,18
A429,-11.0847,-43.1389,24.729999999999997,26.225999999999996,18
A430,-13.1556,-41.7742,21.18,21.436,17
A431,-12.0358,-37.6839,18.435,19.046999999999997,18
A432,-10.7231,-43.6511,24.525,24.825,16
A433,-14.1819,-41.6722,22.419999999999995,24.323999999999995,18
A434,-13.0094,-39.6169,18.639999999999997,21.087999999999994,18
A435,-9.8336,-39.4956,24.080000000000002,24.496000000000002,14
A436,-10.9847,-39.6169,23.465,24.212999999999997,18
A437,-15.2803,-39.0914,16.064999999999998,16.813,18
A438,-13.9069,-38.9722,18.979999999999993,23.715999999999998,17
A439,-12.1931,-43.2133,24.415,24.483,18
A440,-11.205,-40.465,23.15,23.75,16
A441,-11.6647,-39.0231,21.705000000000002,22.181,18
A442,-10.5372,-38.9967,25.0,25.0,18
A443,-10.455,-41.2069,22.06,23.852,17
A444,-13.3436,-39.1267,19.075,19.974999999999998,16
A445,-14.1714,-39.6925,21.199999999999996,23.840000000000003,12
A446,-15.2447,-40.2294,25.15,25.75,16
A447,-16.0881,-39.2153,21.36,22.512,17
A448,-9.0014,-39.9125,20.200000000000003,20.520000000000003,11
A449,-10.0183,-42.5003,18.925,19.225,6
A450,-10.0808,-38.3458,21.275,21.455,10
A451,-10.6717,-37.4714,20.44,21.368000000000002,5
A452,-11.0522,-45.2008,20.064999999999998,20.173,10
A453,-10.2078,-37.4319,16.09,16.258,8
A454,-13.0389,-42.6172,20.94,21.228,4
A455,-17.0069,-39.5581,23.485,23.737000000000002,8
A456,-12.8083,-38.4958,17.005,17.481,8
A458,-11.0586,-38.4442,36.425,39.364999999999995,8
A501,-19.95,-44.0833,21.36,21.552,7
A502,-21.2283,-43.7678,24.615000000000002,24.843,20
A503,-20.7417,-42.0175,25.0,25.0,8
A504,-21.45,-45.95,20.27,20.454,2
A505,-19.6058,-46.9497,23.995,24.793,24
A506,-16.6864,-43.8439,22.07,24.025,24
A507,-18.9169,-48.2556,22.4,22.868000000000002,23
A508,-16.1667,-40.6878,22.204999999999995,23.477999999999998,24
A509,-22.8617,-46.0433,23.455,23.737000000000002,22
A510,-20.7625,-42.8639,21.4,22.6,21
A511,-19.5739,-42.6225,17.545,18.229,20
A512,-18.9528,-49.525,25.06500000000001,32.13299999999999,20
A513,-20.5567,-43.7561,24.6,24.6,20
A514,-21.1064,-44.2508,27.890000000000004,33.81799999999999,20
A515,-21.5664,-45.4042,22.080000000000002,23.296,20
A516,-20.7453,-46.6339,24.525,24.905,20
A517,-21.105,-42.3758,24.05,24.81,20
A518,-21.77,-43.3644,27.419999999999998,27.564,19
A519,-19.5392,-49.5181,24.515,24.743,20
A520,-19.9858,-48.1517,24.735,25.267,20
A521,-19.8839,-43.9694,24.24,24.848,20
A522,-17.7989,-40.25,22.439999999999998,22.728,19
A523,-18.9967,-46.9858,22.2,22.2,20
A524,-20.455,-45.4539,23.155,23.991,20
A525,-19.8753,-47.4342,23.810000000000002,23.962,20
A526,-14.4083,-44.4042,21.639999999999993,24.088,19
A527,-17.8928,-41.5156,24.01,24.162,20
A528,-18.2008,-45.4597,21.5,23.019999999999996,20
A529,-22.3958,-44.9619,24.53,24.746000000000002,19
A530,-21.9181,-46.3831,21.585,22.877,20
A531,-22.3144,-45.3731,22.115000000000002,22.343,20
A532,-18.8303,-41.9769,28.069999999999997,28.573999999999998,19
A533,-18.7869,-42.9431,24.35,24.71,19
A534,-19.5328,-41.0908,24.375,24.794999999999998,16
A535,-19.8853,-44.4169,20.205000000000002,20.681,18
A536,-19.4819,-45.5939,24.82,24.964,19
A537,-18.2311,-43.6483,23.330000000000002,23.546000000000003,19
A538,-18.7478,-44.4539,22.660000000000004,23.572,20
A539,-15.0858,-44.0161,22.86,23.291999999999998,19
A540,-18.7806,-40.9864,22.029999999999998,23.686000000000003,19
A541,-17.7056,-42.3892,24.0,24.0,19
A542,-16.5542,-46.8819,23.61,24.402,19
A543,-14.9122,-42.8086,23.0,23.48,16
A544,-15.5242,-46.4356,24.199999999999996,26.919999999999995,18
A545,-17.2581,-44.8356,21.62,21.764,19
A546,-17.5614,-47.1992,23.759999999999998,24.192,19
A547,-16.3628,-45.1239,24.969999999999995,26.194,19
A548,-15.3003,-45.6175,24.04,24.328,19
A549,-15.7517,-41.4578,22.929999999999996,24.586000000000002,19
A550,-16.5756,-41.4856,22.989999999999995,24.358,19
A551,-15.7231,-42.4358,22.709999999999997,23.502,19
A552,-16.1603,-42.3103,22.25,22.61,19
A553,-17.7844,-46.1194,23.999999999999996,24.72,19
A554,-19.7358,-42.1372,23.43,24.366000000000003,19
A555,-20.0314,-44.0111,24.615000000000002,24.683,18
A556,-20.2633,-42.1828,24.075,24.735,16
A557,-21.5467,-43.2611,23.63,24.566,14
A559,-15.4481,-44.3664,19.1,19.1,10
A560,-19.2325,-44.9642,21.314999999999998,21.622999999999998,8
A561,-20.91,-47.1142,24.0,24.32,11
A562,-18.5206,-46.4406,24.98,26.036,9
A563,-15.8028,-43.2969,21.42,21.564,10
A564,-20.1733,-44.875,24.16,24.832,9
A565,-20.0311,-46.0089,30.26999999999999,34.374,10
A566,-16.8489,-42.0353,21.5,22.46,9
A567,-21.6808,-45.9444,41.199999999999996,45.04,9
A568,-19.71,-47.9619,24.46,24.652,9
A569,-19.4553,-44.1733,23.71,23.782,10
A570,-20.715,-44.8644,34.46,37.372,9
A571,-17.2444,-46.8817,25.644999999999996,27.128999999999998,8
A572,-19.9339,-43.9522,19.9,19.9,1
A601,-22.7578,-43.6847,27.025,29.05,26
A602,-23.0503,-43.5956,28.049999999999997,31.28,24
A603,-22.5897,-43.2822,25.525,27.217,24
A604,-21.5875,-41.9583,19.830000000000002,20.285999999999998,20
A605,-22.9064,-43.1334,20.94,21.228,7
A606,-22.9753,-42.0214,30.290000000000003,33.178,20
A607,-21.7147,-41.3439,32.025000000000006,35.44499999999999,20
A608,-22.3761,-41.8119,32.9,32.9,20
A609,-22.4514,-44.445,35.87500000000001,41.57499999999999,20
A610,-22.4647,-43.2914,39.58,42.315999999999995,20
A611,-22.3581,-43.6956,26.475,27.614999999999995,20
A612,-20.2708,-40.3058,22.745,23.429,20
A613,-19.9883,-40.5794,21.449999999999996,21.81,19
A614,-19.3569,-40.0686,26.53999999999997,36.908,19
A615,-20.6364,-40.7419,24.620000000000005,29.48399999999999,20
A616,-18.6761,-39.8642,21.51,21.662,20
A617,-20.7506,-41.4889,24.335,24.867,20
A618,-22.4486,-42.9869,20.7,20.7,20
A619,-23.2236,-44.7269,23.135,23.667,20
A620,-22.0417,-41.0517,21.514999999999997,22.942999999999998,18
A621,-22.8614,-43.4114,29.989999999999995,32.078,19
A622,-21.1008,-41.0394,25.33,26.825999999999997,18
A623,-18.6953,-40.3906,24.6,24.84,16
A624,-22.3347,-42.6769,23.65,24.49,16
A625,-22.0983,-43.2083,20.435,21.047,10
A626,-22.6536,-44.0409,23.04,24.048,8
A627,-22.8675,-43.1019,18.919999999999998,19.144,8
A628,-22.9756,-44.3033,25.479999999999997,29.736,9
A629,-21.9386,-42.6008,21.224999999999998,23.044999999999998,8
A630,-21.9506,-42.0103,17.72,18.503999999999998,8
A631,-18.2914,-40.7364,41.559999999999995,47.192,9
A632,-19.4072,-40.5397,35.37999999999999,44.11599999999999,9
A633,-20.3856,-41.19,16.56,18.032,9
A634,-20.4669,-40.4039,19.3,20.1,9
A635,-22.3739,-44.7031,29.8,30.76,6
A636,-22.94,-43.4028,26.119999999999997,29.224,9
A637,-22.3472,-43.4178,18.925,19.225,4
A651,-22.9147,-43.1594,19.6,19.6,1
A652,-22.9883,-43.1906,32.3,33.74,19
A653,-22.9742,-43.2178,20.9,20.9,1
A654,-22.987,-43.3701,25.639999999999997,26.887999999999998,7
A655,-22.8947,-43.2914,16.4,16.4,1
A656,-22.9111,-43.2272,14.9,14.9,1
A657,-20.1042,-41.1069,28.939999999999984,37.78799999999999,15
A659,-22.6458,-42.4156,23.6,23.6,11
A667,-22.8711,-42.6089,25.0,26.6,11
A701,-23.4963,-46.6201,26.680000000000003,27.895999999999997,20
A702,-20.4472,-54.7225,25.619999999999994,27.799999999999994,25
A703,-22.5525,-55.7164,22.29,22.537000000000003,22
A704,-20.795,-51.7133,24.889999999999997,25.056,23
A705,-22.3581,-49.0289,23.519999999999996,24.483999999999998,25
A706,-22.7503,-45.6039,18.805,18.881,20
A707,-22.12,-51.4086,23.83,23.978,23
A708,-20.5844,-47.3825,21.354999999999997,22.863,24
A709,-22.3006,-53.8228,24.9,33.86000000000001,21
A710,-19.6956,-51.1817,24.279999999999983,29.896000000000004,19
A711,-21.9803,-47.8839,24.3,24.3,20
A712,-24.6717,-47.5458,24.035,24.567,20
A713,-23.4261,-47.5856,25.02,25.323999999999998,20
A714,-23.9819,-48.8858,24.415,24.642999999999997,20
A715,-23.8908,-47.9992,24.415,24.642999999999997,20
A716,-23.0006,-49.8433,31.34499999999999,34.26899999999999,18
A717,-18.9886,-56.6228,24.4,24.4,19
A718,-22.3728,-50.9747,24.04,24.648,20
A719,-20.4756,-55.7839,22.4,22.4,20
A720,-18.5122,-54.7361,23.635,24.167,20
A721,-22.1939,-54.9114,25.035000000000004,28.606999999999996,20
A722,-20.3956,-56.4317,24.01,24.162,20
A723,-21.7058,-57.8867,23.34,23.948,20
A724,-18.9967,-57.6375,26.61999999999997,37.564,19
A725,-23.1017,-48.9411,23.765,24.752999999999997,20
A726,-22.7031,-47.6233,25.68,26.256,19
A727,-21.6661,-49.7347,24.045,24.729,20
A728,-23.0417,-45.5208,24.605,24.681,20
A729,-20.4033,-49.9661,23.419999999999998,23.483999999999998,17
A730,-18.8022,-52.6025,23.555,24.391,20
A731,-21.6092,-55.1775,22.55,23.63,16
A732,-19.4203,-54.5531,25.0,25.0,20
A733,-20.165,-50.595,24.279999999999998,24.856,19
A734,-21.3192,-50.9303,26.799999999999997,28.240000000000002,19
A735,-21.0856,-49.9203,24.419999999999998,24.564,19
A736,-21.1331,-48.8406,24.449999999999996,24.81,19
A737,-21.8556,-48.7997,24.169999999999998,24.674,19
A738,-21.7806,-47.0753,23.169999999999995,24.394,19
A739,-22.415,-46.8053,22.139999999999997,24.188,17
A740,-23.2283,-45.4169,25.419999999999995,27.323999999999995,18
A741,-22.4711,-48.5575,23.98,24.556,17
A742,-19.1225,-51.7208,24.715,24.783,18
A743,-21.775,-54.5281,30.08,30.656,17
A744,-22.9492,-46.5261,40.62,41.964,9
A745,-24.0478,-46.2633,23.825,24.125,6
A746,-24.9628,-48.4164,19.65,20.25,16
A747,-21.3383,-48.1139,25.519999999999996,26.063999999999997,18
A748,-20.5592,-48.545,21.575000000000003,22.715,16
A749,-22.8572,-54.6056,22.599999999999998,23.24,17
A750,-23.0025,-55.3294,24.33,24.386,15
A751,-23.9669,-55.0242,24.915,24.983,18
A752,-23.4494,-54.1819,24.82,24.884,17
A753,-20.3597,-47.7753,24.49,24.898,18
A754,-20.9817,-54.9719,29.27499999999998,39.13499999999998,18
A755,-23.5239,-46.8694,28.485,29.057,14
A756,-20.4444,-52.8758,24.5,24.740000000000002,16
A757,-22.1017,-56.5408,24.0,24.16,9
A758,-21.4786,-56.1378,23.83,23.886,15
A759,-21.75,-52.4714,25.099999999999998,25.82,13
A760,-18.4928,-53.1714,24.740000000000002,24.948,14
A761,-17.6353,-54.7606,24.52,24.663999999999998,13
A762,-21.4578,-51.5522,36.52999999999999,40.346,10
A763,-22.2353,-49.965,29.879999999999995,33.016,9
A764,-20.9481,-48.4714,22.844999999999995,24.969,10
A765,-23.8447,-46.1433,27.16,27.192,9
A766,-24.5331,-47.8642,31.999999999999993,37.12,9
A767,-23.8108,-45.4025,28.02,28.323999999999998,5
A768,-21.9272,-50.4903,26.26,26.292,9
A769,-22.6889,-45.0056,27.374999999999996,27.794999999999998,8
A770,-21.4611,-47.5794,22.2,22.68,7
A771,-23.7244,-46.6775,27.029999999999994,29.325999999999997,8
A801,-30.0536,-51.1747,28.775,32.35,26
A802,-32.0789,-52.1678,30.48,31.435999999999996,25
A803,-29.725,-53.7206,25.88,26.228,25
A804,-30.7506,-55.4014,31.09,32.036,23
A805,-27.8544,-53.7911,35.059999999999995,38.56799999999999,25
A806,-27.6025,-48.62,27.939999999999994,33.114000000000004,23
A807,-25.4486,-49.2306,25.169999999999998,26.384999999999998,22
A808,-29.3503,-49.7333,26.42999999999999,30.246000000000002,19
A809,-29.84,-57.0819,27.07,28.133999999999997,20
A810,-27.8906,-54.48,33.75,36.03,20
A811,-31.4033,-52.7008,32.599999999999994,36.2,19
A814,-28.5325,-49.3153,25.024999999999988,31.484999999999985,18
A815,-28.2756,-49.9347,28.229999999999997,29.725999999999996,18
A816,-26.4064,-52.8503,36.425,37.445,18
A817,-26.9136,-49.2681,33.675000000000004,34.815,20
A818,-25.0108,-50.8539,24.14,24.747999999999998,20
A819,-24.78,-50.0464,24.88,25.456000000000003,19
A820,-24.5333,-54.0192,33.27,34.334,20
A821,-23.5053,-49.9464,25.580000000000002,28.315999999999995,20
A822,-24.4339,-51.9539,28.36,29.032,15
A823,-25.5678,-51.0781,29.735000000000003,33.306999999999995,20
A824,-23.3903,-53.6358,31.1,31.82,16
A825,-24.1839,-53.0489,30.849999999999994,32.650000000000006,19
A826,-29.7092,-55.5256,25.915,26.142999999999997,20
A827,-31.3478,-54.0133,30.90999999999998,38.182,19
A828,-27.6578,-52.3058,28.265000000000004,33.812999999999995,20
A829,-28.7486,-50.0578,30.91000000000001,41.701999999999984,20
A830,-28.65,-56.0164,31.189999999999998,31.838,19
A831,-30.3686,-56.4372,32.16,33.312000000000005,19
A832,-30.3414,-54.3108,29.599999999999998,30.32,19
A833,-29.1916,-54.8857,37.0,41.480000000000004,17
A834,-30.0103,-50.1358,33.76,36.192,17
A835,-23.4053,-51.9328,25.755000000000003,29.630999999999993,20
A836,-32.5347,-53.3758,32.269999999999996,34.214000000000006,19
A837,-28.8592,-52.5424,38.464999999999996,39.212999999999994,18
A839,-28.2267,-52.4036,31.67,32.734,20
A840,-29.1644,-51.5342,27.985,29.276999999999997,20
A841,-27.1692,-51.5589,29.86,30.291999999999998,19
A842,-23.4153,-50.5778,27.24,29.288,17
A843,-25.6992,-53.0953,37.599999999999994,39.76,19
A844,-28.2224,-51.5128,36.82999999999999,41.366,19
A845,-28.1269,-49.4797,41.06,41.332,18
A846,-25.6019,-54.4831,30.174999999999997,31.874999999999993,18
A847,-25.4944,-48.3261,30.364999999999995,34.63300000000001,12
A848,-26.2866,-53.6331,32.12,32.504,17
A849,-22.6394,-52.8903,31.189999999999998,32.95799999999999,18
A850,-22.6583,-52.1344,31.659999999999993,34.651999999999994,18
A851,-26.0814,-48.6417,27.71,27.782,19
A852,-28.4172,-54.9625,27.49,28.138,19
A853,-28.6033,-53.6736,39.28999999999999,42.098,19
A854,-27.3956,-53.4294,26.17999999999999,30.356,19
A855,-25.7219,-53.7481,33.22,34.804,19
A856,-27.9203,-53.3181,31.744999999999987,37.38899999999998,18
A857,-26.7864,-53.5142,31.359999999999996,35.071999999999996,17
A858,-26.9386,-52.3981,31.694999999999997,32.57899999999999,18
A859,-26.8192,-50.9856,27.979999999999997,31.116,17
A860,-27.2886,-50.6042,37.85999999999999,42.21199999999999,18
A861,-26.9375,-50.1456,29.78,30.596,18
A862,-26.2486,-49.5742,27.509999999999994,29.821999999999992,18
A863,-27.4183,-49.6469,29.825,30.845,18
A864,-26.3936,-50.3633,31.439999999999998,33.168,17
A865,-27.8022,-50.3356,24.305,24.701,12
A866,-28.6044,-48.8133,38.339999999999996,43.588,17
A867,-28.9314,-49.4979,28.735,29.346999999999998,18
A868,-26.9508,-48.7619,27.675,32.654999999999994,16
A869,-23.3592,-52.9319,25.08,27.255999999999997,18
A870,-27.6786,-49.0419,23.24,24.008,9
A871,-23.7733,-50.1806,27.949999999999992,31.349999999999994,18
A872,-24.2803,-50.2103,26.93,27.866,14
A873,-25.5089,-48.8086,28.65499999999999,33.89099999999999,18
A874,-25.8356,-50.3689,24.15999999999999,30.991999999999997,15
A875,-26.3986,-51.3536,22.935,23.546999999999997,18
A876,-26.4172,-52.3486,30.599999999999994,32.839999999999996,17
A878,-31.2483,-50.9064,38.7,40.62,16
A879,-29.3689,-50.8272,41.149999999999984,47.26999999999998,18
A880,-28.5136,-50.8828,44.46,44.732,18
A881,-31.0025,-54.6181,30.925,34.105,16
A882,-29.4492,-51.8233,28.569999999999997,33.873999999999995,14
A883,-28.6533,-53.1119,23.679999999999996,24.496,13
A884,-29.6742,-51.0642,24.7,24.939999999999998,13
A886,-29.0894,-53.8267,32.934999999999995,34.987,10
A889,-29.7022,-54.6944,25.055,25.091,10
A893,-30.5431,-52.5247,31.92,32.144000000000005,8
A894,-28.7047,-51.8708,24.5,24.5,10
A895,-27.0853,-52.6357,29.38,29.956,7
A897,-29.0492,-50.1497,29.224999999999998,29.765,10
A898,-27.3886,-51.2158,32.94,33.948,7
A901,-15.6069,-56.0608,23.525,24.293,24
A902,-14.65,-57.4317,24.889999999999997,24.978,23
A903,-13.4539,-56.6772,21.7,21.94,21
A904,-12.555,-55.7228,22.445,22.657999999999998,22
A905,-13.7858,-57.8386,23.96,24.474,22
A906,-9.9525,-54.8978,24.6,24.76,21
A907,-16.4625,-54.5803,24.639999999999997,24.778000000000002,23
A908,-14.0164,-52.2117,24.705,24.781,20
A909,-17.3394,-53.2244,22.529999999999998,23.706,15
A910,-9.5633,-57.3936,22.02,22.163999999999998,19
A911,-13.3039,-58.7633,36.72,39.344,9
A912,-15.5589,-55.1794,24.305,24.381,20
A913,-13.7081,-59.7625,22.75,23.11,19
A914,-11.2803,-57.5267,21.939999999999998,22.068,17
A915,-14.4214,-54.0361,24.1,24.42,17
A916,-12.6031,-52.1625,24.215,24.283,18
A917,-11.9822,-55.5661,22.489999999999995,23.858,19
A918,-10.6394,-51.5714,23.44,23.728,10
A919,-9.9064,-58.5722,24.275,24.615,18
A920,-11.375,-58.7747,23.84,24.448,20
A921,-11.6189,-50.7278,23.46,24.612,17
A922,-15.0628,-59.8731,22.455,23.610999999999997,18
A923,-15.58,-54.3811,41.07499999999999,45.41499999999999,8
A924,-10.0772,-56.1792,22.45,22.81,16
A925,-8.7936,-63.8458,24.915,24.983,18
A926,-9.9706,-55.8275,22.779999999999998,23.996,17
A927,-12.5219,-58.2314,22.62,22.684,17
A928,-13.0386,-57.0922,22.81,23.761999999999997,18
A929,-13.4111,-54.7522,24.72,24.784,17
A930,-13.1847,-53.2575,22.2,22.2,18
A931,-14.925,-53.8844,24.259999999999998,24.532,18
A932,-16.3417,-53.7661,22.915,22.983,18
A933,-17.175,-54.5017,23.9,24.38,16
A934,-17.8411,-53.2894,24.830000000000002,24.966,18
A935,-15.3247,-57.2258,22.025,22.564999999999998,16
A936,-15.1247,-58.1272,22.29,22.698,18
A937,-15.2344,-59.3461,22.319999999999997,23.983999999999998,17
A938,-12.735,-60.1578,22.2,22.68,16
A939,-11.4458,-61.4342,23.974999999999998,24.314999999999998,18
A940,-9.9489,-62.9619,24.93,24.986,15
A941,-16.0747,-57.6931,21.895,22.219,10
A942,-10.4842,-52.3725,32.82,33.524,3
A943,-11.9878,-51.4261,26.35,27.43,6
A944,-14.8289,-56.4419,19.43,19.886,7
B803,-24.5708,-52.8003,32.98,34.516,9
B804,-25.3714,-52.4008,34.379999999999995,35.116,9
B806,-25.3225,-49.1577,23.069999999999997,23.573999999999998,10
B807,-30.1861,-51.1781,29.22,29.843999999999998,4
B808,-29.9514,-51.1242,12.8,12.8,1
B809,-29.8139,-51.1567,16.0,16.0,1
B810,-30.0967,-51.6739,15.0,15.0,1
B811,-30.4942,-51.6633,15.7,15.7,1
B812,-29.9656,-51.6256,13.1,13.1,1
B813,-30.1245,-52.0508,10.4,10.4,1
B814,-29.7587,-51.4362,10.6,10.6,1
B816,-29.4791,-51.0133,9.3,9.3,1
B817,-28.8742,-50.9757,11.7,11.7,1
B818,-29.1962,-51.1863,12.2,12.2,1
B819,-29.6558,-50.6181,16.4,16.4,1
B820,-29.4422,-50.5603,14.9,14.9,1
B821,-30.8586,-53.1556,8.6,8.6,1
B822,-30.0184,-52.9388,12.6,12.6,1
B823,-31.5746,-53.3883,11.1,11.1,1
B825,-30.1861,-51.1783,13.5,13.5,1
B827,-31.3055,-54.0133,11.5,11.5,1
B828,-31.8747,-54.1196,14.9,14.9,1
B829,-33.5339,-53.3497,18.7,18.7,1
F501,-19.98,-43.9586,28.89,28.978,12
