codigo_estacao,inmet_p95,inmet_p99,era_orig_p95,era_orig_p99,v2_p95,v2_p99,v3_p95,v3_p99
A001,12.2,15.014999999999963,12.3795595,13.700779,12.801696,14.334415,12.049575805664062,13.351800918579102
A002,12.5,15.5,11.455356,12.864181,12.574476,15.015873,11.487154006958008,12.705512046813965
A003,13.9,17.4,11.753839,13.373928,13.537889,16.352451,11.884519577026367,13.340413093566895
A004,13.8,16.9,11.142139,12.532136,13.034475,15.961219,11.006903648376465,12.22398567199707
A005,12.7,16.378999999999994,11.262268,12.491701,11.891405,13.882458,11.197794914245605,12.421627044677734
A006,12.879999999999995,15.015999999999996,11.345836,12.878357,11.468193,13.0770445,11.238296508789062,12.675488471984863
A007,13.7,17.753999999999984,11.277558,12.903195,11.488183,13.292711,10.932554244995117,12.327425003051758
A008,15.3,18.558999999999923,12.1968155,13.528641,12.783654,14.193172,11.699414253234863,13.008188247680664
A009,16.0,18.6,11.998386,13.169104,15.216511,17.71424,11.863146781921387,13.017417907714844
A010,12.7,15.9,11.665408,12.931483,12.532182,14.701015,11.762454986572266,12.916116714477539
A011,15.284999999999945,19.517000000000007,11.33761,12.936261,13.805922,17.732948,12.005474090576172,13.744467735290527
A012,13.8,16.9,11.921293,13.308442,13.334417,16.083323,11.658674240112305,12.988312721252441
A013,12.9,16.4,10.022992,11.3403845,11.92554,15.262951,10.715465545654297,12.0665864944458
A014,14.0,16.984000000000016,11.390805,12.782852,13.081317,15.476394,11.341058731079102,12.688358306884766
A015,13.8,17.4,10.622945,12.005881,12.540977,16.158157,10.73883056640625,12.056446075439453
A016,15.0,18.680999999999948,11.235788,13.331855,14.173714,17.734274,12.188323974609375,13.922986030578613
A017,14.0,16.3,13.382889,14.818595,13.997034,15.659314,12.28408145904541,13.454801559448242
A018,13.3,17.1,12.058487,13.345186,12.954701,15.800027,11.894807815551758,13.237257957458496
A019,13.5,16.9,12.119472,13.432558,13.250313,15.924253,11.958054542541504,13.351412773132324
A020,12.6,15.6,11.008764,12.173656,12.087355,14.729554,10.912503242492676,12.053733825683594
A021,12.0,14.353999999999997,11.371243,12.50321,11.805655,13.635412,11.068047523498535,12.256162643432617
A022,13.4,17.014999999999965,11.64184,13.085657,12.998384,15.8247795,11.360649108886719,12.637092590332031
A023,13.5,16.9,11.221432,12.768227,12.877213,15.969253,11.67159366607666,13.22298812866211
A024,13.1,15.960999999999967,13.028474,14.5523615,13.437443,15.387416,12.631007194519043,14.109458923339844
A025,14.0,17.5,11.201396,12.922235,13.27317,16.400743,11.887051582336426,13.4791841506958
A026,13.9,17.5,11.309768,13.131007,13.169896,16.251812,12.196137428283691,13.843294143676758
A027,12.9,16.1,10.90513,12.562421,12.394756,15.144534,11.296370506286621,12.753473281860352
A028,13.239999999999963,16.8,10.669389,12.050806,11.723423,14.042308,10.988439559936523,12.342156410217285
A029,14.1,18.3,10.825807,12.410724,12.02724,14.836867,11.28429126739502,12.833585739135742
A031,14.6,18.103000000000023,12.076345,13.6805935,12.92045,15.551326,11.552956581115723,12.962143898010254
A032,13.8,16.9,11.092783,12.382618,12.973766,15.815529,11.049736022949219,12.295412063598633
A033,12.6,15.8,11.97435,13.418044,12.801185,15.108009,11.774985313415527,13.073843955993652
A034,12.7,15.4,11.592112,13.043897,12.422981,14.544719,11.57308292388916,12.966987609863281
A035,14.4,18.5,12.358774,13.834266,13.745274,16.816683,11.919856071472168,13.384939193725586
A036,13.4,16.410000000000036,12.321234,13.774744,12.950556,14.872457,12.063009262084961,13.38490104675293
A037,11.1,14.2,12.012228,13.428766,12.299857,13.927341,11.875359535217285,13.218899726867676
A038,14.9,17.7,13.387294,14.639034,14.15385,16.0398,12.530348777770996,13.697551727294922
A039,13.4,15.9,12.542839,13.956737,13.083365,14.798742,11.948576927185059,13.347213745117188
A040,15.079999999999972,17.896,13.5598545,15.035314,14.291677,16.114693,13.197263717651367,14.43187427520752
A041,15.3,19.2,10.814675,12.1214075,12.98041,17.004395,10.929777145385742,12.189583778381348
A042,13.8,16.603000000000023,11.991672,13.340091,12.470733,13.96374,11.851604461669922,13.16445541381836
A043,12.9,15.08499999999999,12.455977,13.611071,12.687427,13.885683,11.907177925109863,13.082387924194336
A044,11.9,14.5,11.229713,12.328525,11.6614685,13.117285,10.727523803710938,11.764517784118652
A045,12.4,14.9,12.347694,13.701059,12.712458,14.091979,12.023405075073242,13.38897705078125
A046,14.9,18.090999999999987,11.760654,13.183712,12.569678,14.152733,11.699414253234863,13.008188247680664
A047,12.775,15.1,11.768847,13.167023,12.233642,13.869889,11.652061462402344,13.004791259765625
A048,14.134999999999991,18.653999999999996,10.765893,11.994096,11.621128,13.997044,10.748115539550781,11.913262367248535
A049,13.1,17.19500000000003,11.180091,12.278,11.760858,14.054895,10.977354049682617,12.037845611572266
A050,13.784999999999991,16.7,12.859271,14.089524,13.287575,14.884449,12.915311813354492,14.119879722595215
A051,12.6,15.7,11.041747,12.325891,11.519531,13.208964,11.204662322998047,12.437982559204102
A052,14.0,17.63699999999999,11.055107,12.305857,12.122257,14.519581,10.990362167358398,12.208803176879883
A053,12.7,15.490999999999985,11.423094,12.566592,11.928815,13.635524,11.514206886291504,12.68293571472168
A054,13.944999999999983,18.009000000000015,12.279714,13.706845,12.878691,14.979597,11.974675178527832,13.327178001403809
A055,11.9,15.182999999999993,11.311486,12.610437,11.702471,13.194595,11.46703052520752,12.738407135009766
A056,14.3,17.6,12.198796,13.636469,12.682231,14.211406,11.881087303161621,13.228815078735352
A101,11.6,14.4,10.388681,11.423477,11.424221,13.668894,9.716829299926758,10.74516773223877
A102,11.2,14.13800000000001,10.405396,11.836821,10.952466,12.81371,10.28791332244873,11.76730728149414
A104,13.1,16.177999999999976,10.557962,12.220715,11.867949,14.450167,10.538986206054688,12.087937355041504
A108,11.0,13.553999999999997,10.082159,12.005756,10.518879,12.411054,10.042952537536621,11.69367504119873
A109,12.3,15.094000000000005,8.864847,10.338979,9.691749,12.265176,9.261240005493164,10.759320259094238
A110,12.5,15.3,9.621868,11.133615,11.462145,14.132659,9.783287048339844,11.128674507141113
A111,11.3,14.1,8.928798,10.232118,10.49474,13.188669,9.58582592010498,11.096202850341797
A112,13.4,16.90100000000002,8.735168,10.002496,11.515287,15.21768,9.416190147399902,10.729291915893555
A113,12.4,15.7,9.58939,10.72189,10.957218,13.684686,9.614959716796875,10.681889533996582
A117,14.1,17.0,9.051498,10.092758,12.230241,15.537486,9.515625953674316,10.769082069396973
A119,13.4,16.4,9.725971,10.674251,12.1039505,15.008411,9.59753131866455,10.634974479675293
A121,10.9,13.2,9.866542,10.852217,10.571842,12.529783,9.720391273498535,10.763415336608887
A122,10.8,13.567000000000007,9.948945,10.944786,10.4830065,12.464627,9.765680313110352,10.729695320129395
A123,12.0,14.303999999999997,9.960406,10.96357,10.764551,12.75448,9.53670883178711,10.581183433532715
A124,11.0,13.56899999999996,9.890763,10.9025,10.61791,12.888882,9.379064559936523,10.496882438659668
A125,12.0,14.7,10.442067,11.461087,11.247007,13.504938,10.084867477416992,11.108111381530762
A126,11.4,13.9,10.6231575,11.5428705,11.169904,12.991445,10.164819717407227,11.221055030822754
A127,11.02,13.493999999999991,10.165362,11.27195,10.214651,11.32328,9.505424499511719,10.553764343261719
A128,12.3,15.381000000000041,10.935997,12.226442,11.779876,13.875564,10.35887336730957,11.500789642333984
A133,12.15999999999999,15.551999999999998,9.41999,10.553846,10.000067,12.09432,9.54080581665039,10.703897476196289
A134,10.9,13.8,9.005659,10.309517,9.59084,11.580381,9.112595558166504,11.037332534790039
A135,12.0,14.302999999999976,12.197241,13.257463,12.479521,13.792308,12.072239875793457,13.290254592895508
A136,12.4,15.4,10.16445,12.029525,11.241462,13.791322,10.170552253723145,11.971158027648926
A137,14.20999999999999,21.31199999999999,10.543295,12.448744,11.056493,13.585627,10.523699760437012,12.331497192382812
A138,12.5,15.881999999999971,9.816614,11.231394,11.300331,14.115684,9.741251945495605,11.206850051879883
A140,10.7,13.225,11.980342,13.806712,12.200691,14.126077,11.749360084533691,13.42955207824707
A144,8.9,11.11400000000001,9.4621725,10.644415,9.537661,10.755991,9.366253852844238,10.449897766113281
A201,11.0,13.371000000000004,10.45246,11.498639,11.134898,12.930238,10.20809555053711,11.097381591796875
A202,13.5,16.1,11.909984,13.147041,13.30239,15.619736,11.542939186096191,12.518640518188477
A203,12.0,13.4,11.3324995,12.34282,12.006451,13.184337,11.149075508117676,11.966471672058105
A204,13.2,15.609000000000014,11.665506,12.777917,12.627399,14.712284,11.342338562011719,12.5036039352417
A205,13.0,15.906999999999972,11.323301,12.455912,12.361637,14.714933,11.034270286560059,12.134368896484375
A206,12.0,14.506999999999971,11.838781,12.843861,12.218593,13.729135,11.451838493347168,12.443001747131348
A207,11.3,14.067000000000007,11.562755,12.579677,11.741505,12.953815,11.204896926879883,12.190011978149414
A208,14.2,17.71199999999999,10.646722,11.81976,10.742365,11.969719,10.571722030639648,11.675128936767578
A209,9.9,13.16999999999998,11.419863,12.553874,11.579507,12.948157,10.793159484863281,11.907135963439941
A210,12.604999999999972,16.000999999999976,10.871321,12.269117,11.529964,13.554009,10.407379150390625,11.624914169311523
A211,11.7,14.6,11.295632,12.4573345,11.823191,13.4497175,10.772605895996094,11.868638038635254
A212,13.8,16.607999999999993,11.856805,13.013312,12.955965,15.344508,11.512743949890137,12.606916427612305
A213,12.9,15.7,11.792461,12.922991,12.501176,14.381223,11.35765266418457,12.342928886413574
A214,13.0,16.015999999999988,11.808433,12.829829,12.517497,14.445389,11.416200637817383,12.465460777282715
A215,13.0,14.5,12.349528,13.386896,12.795695,13.991921,12.237764358520508,13.274669647216797
A216,14.08499999999999,17.33699999999999,10.250398,11.394457,11.040137,14.033817,10.169059753417969,11.19091510772705
A217,13.6,15.1,13.195981,14.298267,13.424269,14.702184,12.80432415008545,13.921808242797852
A218,14.7,16.2,14.578187,15.735746,14.749436,15.907768,14.20090389251709,15.320910453796387
A219,13.6,15.5,13.015224,14.200605,13.557089,14.908187,12.982504844665527,14.10654067993164
A220,12.5,15.1,11.2207,12.356553,12.052489,14.050273,10.82851791381836,11.848062515258789
A221,12.1,14.6,11.315778,12.435501,11.997163,13.895239,10.83200454711914,12.02045726776123
A222,12.6,15.5,12.465151,13.697817,12.936555,14.852742,11.786733627319336,13.016202926635742
A223,12.3,14.95600000000004,11.9408,13.302271,12.479925,14.197976,11.6475830078125,12.800055503845215
A224,13.4,17.1,11.2029505,12.331394,12.443033,15.285328,10.925081253051758,11.968494415283203
A225,16.2,22.4,11.297156,12.371482,13.625817,20.879189,11.123685836791992,12.085698127746582
A226,14.1,22.1,13.896067,15.100945,14.503182,18.413837,13.199702262878418,14.375568389892578
A227,12.8,14.8,11.717508,12.604453,12.388807,13.88433,11.69520378112793,12.563565254211426
A228,11.3,13.4,10.089755,11.385003,10.246654,11.6724825,10.07384967803955,11.142512321472168
A229,12.5,15.5,10.153398,11.424129,11.414945,14.241878,9.529369354248047,10.73745346069336
A230,14.0,17.369000000000003,11.56458,12.611036,12.5211735,15.16612,11.194419860839844,12.132980346679688
A231,12.404999999999973,15.4,10.693491,11.877211,11.475436,13.793918,10.19727611541748,11.31395435333252
A232,12.344999999999994,17.094000000000005,10.12125,11.356646,10.233139,11.770485,10.29762077331543,11.448029518127441
A233,14.8,18.38199999999997,10.33117,11.535389,12.662085,15.825819,10.447359085083008,11.578454971313477
A234,12.4,15.823999999999979,10.398159,11.56955,10.896519,12.7370825,10.447293281555176,11.487764358520508
A235,12.6,16.060000000000038,10.472777,11.690859,11.428554,14.138715,9.868579864501953,10.940482139587402
A236,12.914999999999964,15.7,10.827241,11.983651,11.7990265,14.098178,10.537308692932129,11.582756042480469
A237,11.8,14.6,11.845434,13.049674,12.191909,13.788793,11.16372299194336,12.304791450500488
A238,13.8,16.8,11.641592,12.764255,12.7008295,14.873029,11.42241382598877,12.465080261230469
A239,13.3,16.3,10.8534355,11.98912,11.841559,14.315004,10.572355270385742,11.665471076965332
A240,10.8,13.2,10.807529,11.911255,11.123032,12.440094,10.392326354980469,11.460424423217773
A241,12.4,15.6,10.839823,11.93658,11.807696,14.409472,10.91224479675293,12.039233207702637
A242,9.9,11.544999999999982,11.572694,12.647494,11.651511,12.703721,11.0145263671875,12.134015083312988
A243,13.4,15.934000000000015,11.404762,12.433817,12.147429,14.067431,11.050069808959961,12.083540916442871
A244,12.1,14.657999999999992,11.622745,12.68748,12.01088,13.537565,11.394462585449219,12.338768005371094
A245,11.4,13.5,11.242962,12.295568,11.341153,12.458828,10.182156562805176,11.238637924194336
A246,10.969999999999981,13.313999999999988,10.305116,11.447534,10.659315,12.270057,9.907222747802734,11.049308776855469
A247,13.1,16.29000000000001,10.564642,11.616082,10.925626,12.464736,10.365800857543945,11.336884498596191
A248,13.4,15.676999999999998,12.303347,13.533353,12.930704,14.806946,11.954297065734863,12.992682456970215
A249,12.5,14.2,11.632923,12.701436,12.109068,13.490444,11.365994453430176,12.339348793029785
A250,10.3,12.4,9.919922,10.942518,10.174932,11.353612,9.875110626220703,10.87465763092041
A251,14.094999999999994,16.1,11.905289,13.039904,12.113768,13.465191,11.699974060058594,12.73738956451416
A252,12.350000000000001,14.860000000000037,11.955028,13.127496,12.2440195,13.620846,11.627098083496094,12.748437881469727
A253,9.55,12.490000000000009,11.300446,12.454924,11.346659,12.522335,10.673504829406738,11.916767120361328
A254,12.725,16.1,10.495,11.640149,11.026323,13.184092,10.348125457763672,11.501910209655762
A255,13.2,15.416999999999996,11.834097,13.227093,12.0277195,13.575183,11.665019035339355,12.84583568572998
A256,15.0,20.29200000000001,10.435981,11.551863,11.263315,13.76395,10.507733345031738,11.726266860961914
A301,10.4,11.5,12.99314,14.124361,13.000934,14.147396,,
A302,15.230000000000006,19.532000000000014,12.450857,13.607926,12.747799,13.918734,,
A303,11.9,13.1,11.785454,12.663617,12.111868,13.113742,11.482748031616211,12.547503471374512
A304,14.7,16.0,14.266717,15.461594,14.651532,15.9511595,13.774148941040039,14.773282051086426
A305,13.2,14.2,14.235309,15.129137,14.283451,15.247145,13.791932106018066,14.650952339172363
A306,13.6,16.23099999999995,13.0710945,14.042675,13.596606,15.32588,12.61904525756836,13.629493713378906
A307,13.5,15.4,14.659973,15.98646,14.832036,16.325771,13.941030502319336,15.064759254455566
A308,14.3,16.0,14.227502,15.196906,14.576501,15.752315,13.661946296691895,14.500748634338379
A309,13.9,15.5,13.295522,14.493179,13.871249,15.247118,12.908143043518066,14.061604499816895
A310,13.8,15.1,13.407693,14.473299,13.749082,15.069692,12.917961120605469,13.887017250061035
A311,12.3,14.9,13.245373,14.557703,13.496643,15.257873,12.35689640045166,13.631611824035645
A312,12.394999999999982,15.4,12.043035,13.283271,12.6208315,14.619547,11.255859375,12.469730377197266
A313,12.8,14.0,13.769583,14.852912,13.846332,15.018823,12.988240242004395,14.025647163391113
A314,14.5,15.8,14.361942,15.612804,14.669462,15.865604,13.679689407348633,14.803823471069336
A315,11.8,14.1,13.845994,15.251084,13.9656,15.403522,13.295709609985352,14.61876106262207
A316,13.8,15.8,13.982504,15.016445,14.314581,15.597831,13.39026927947998,14.256500244140625
A317,15.3,16.7,14.118476,15.00252,14.846269,15.993506,13.82609748840332,14.500917434692383
A318,13.5,14.8,13.582598,14.253132,13.799937,14.504489,13.644794464111328,14.304506301879883
A319,13.6,16.6,13.269989,14.661918,13.784488,15.708939,12.637109756469727,13.797822952270508
A320,12.1,13.6,13.251983,14.319392,13.330446,14.42022,,
A321,14.4,17.1,14.1772175,15.365507,14.610959,16.107113,13.853386878967285,14.878023147583008
A322,12.1,13.8,12.788748,13.82668,13.002338,14.109654,12.29131031036377,13.180201530456543
A323,12.7,14.4,12.579003,13.527944,12.887334,14.072316,12.39257526397705,13.23060417175293
A324,13.9,16.4,13.763539,15.150128,14.184051,15.949198,13.04957389831543,14.209687232971191
A325,14.6,16.5,12.606512,13.683962,13.867224,15.40905,12.361312866210938,13.258845329284668
A326,14.2,17.6,12.257655,13.515561,13.502179,16.147127,11.612929344177246,12.813658714294434
A327,12.7,14.5,12.078369,12.987731,12.5018425,13.581599,11.857765197753906,12.733890533447266
A328,13.5,15.1,13.189669,14.285135,13.5367155,14.726023,12.447236061096191,13.415682792663574
A329,14.6,16.5,13.81642,14.913714,14.49746,15.828995,13.35949993133545,14.319358825683594
A330,14.8,16.5,16.269678,17.501225,16.362425,17.644861,15.588040351867676,16.65035057067871
A331,13.1,15.7,14.1784935,15.432619,14.365372,15.779375,13.322399139404297,14.62020206451416
A332,13.5,16.2,13.004739,14.022292,13.451932,14.874184,12.712347030639648,13.521937370300293
A333,12.6,15.2,12.711288,13.814642,13.1510725,14.606189,12.373403549194336,13.525710105895996
A334,13.6,15.726999999999952,13.002842,14.187388,13.458175,14.69487,12.95166301727295,13.87911605834961
A335,14.1,17.21999999999998,12.991503,14.196138,13.791553,15.979283,12.2781400680542,13.327473640441895
A336,13.7,16.702999999999975,13.245557,14.403272,13.644028,15.360636,12.318175315856934,13.494751930236816
A337,13.9,16.4,13.580514,14.610066,14.003993,15.647275,13.146265983581543,14.14189624786377
A338,12.3,15.6,11.840471,13.0245495,12.226073,13.604369,11.540281295776367,12.546161651611328
A339,13.7,15.747000000000025,13.762381,14.574452,14.042141,15.097984,13.427719116210938,14.078648567199707
A340,14.1,16.7,13.442372,14.556844,13.940081,15.543426,12.886911392211914,13.867230415344238
A341,13.3,15.1,13.355102,14.5390215,13.6575985,14.927719,12.448810577392578,13.394636154174805
A342,12.8,17.6,14.253831,15.536964,14.534064,16.41241,13.1373872756958,14.269510269165039
A343,13.3,15.8,13.5253525,14.847253,13.80985,15.307178,12.710708618164062,14.024121284484863
A344,17.7,19.1,15.102158,16.173334,16.237122,18.017157,15.018911361694336,16.068580627441406
A345,12.9,15.2,13.496977,14.687457,13.729557,15.169111,12.726029396057129,13.771430015563965
A346,10.3,12.1,13.846369,15.022702,13.879895,15.056394,12.885870933532715,14.013181686401367
A347,14.0,16.2,13.67677,15.198044,14.057588,15.6652565,13.201654434204102,14.595115661621094
A348,13.2,15.5,13.594674,14.683148,13.852956,15.195533,13.062440872192383,14.065473556518555
A349,14.1,16.1,13.356988,14.548785,13.990156,15.483179,13.03447437286377,14.107706069946289
A350,13.7,16.1,13.534659,14.740334,13.91165,15.368162,13.174263954162598,14.252897262573242
A351,13.8,16.41199999999999,13.286205,14.360532,13.758887,15.287522,13.18852424621582,14.114850044250488
A352,13.2,14.5,14.267473,15.440784,14.334541,15.53366,13.449461936950684,14.496566772460938
A353,12.5,14.0,12.003009,12.840856,12.309236,13.255413,11.878564834594727,12.636610984802246
A354,13.7,15.8,14.047618,15.481127,14.299715,15.917646,13.208617210388184,14.518523216247559
A355,12.0,13.1,12.250113,13.225046,12.39731,13.346142,11.99615478515625,12.987356185913086
A356,11.3,12.5,11.143545,12.042526,11.421297,12.464637,10.908354759216309,11.883685111999512
A357,12.0,13.689999999999962,11.123943,12.027867,11.618651,12.858168,10.836605072021484,11.629035949707031
A358,14.0,17.613000000000014,12.336369,13.377928,13.1158905,15.135244,12.33339786529541,13.295167922973633
A359,15.3,17.0,14.569646,15.577765,14.970012,16.28264,14.128889083862305,14.928746223449707
A360,13.9,15.0,15.132011,15.930677,15.208601,15.984868,13.756425857543945,14.544652938842773
A361,12.8,14.959000000000014,14.024911,15.038068,14.138687,15.232138,13.070267677307129,14.097028732299805
A362,11.9,15.4,11.999217,13.265413,12.064487,13.376491,11.148574829101562,12.517365455627441
A363,12.8,15.7,13.404443,14.806888,13.687549,15.434807,12.483802795410156,13.790260314941406
A364,13.7,16.4,13.001935,14.47184,13.442004,15.252042,12.607006072998047,13.992204666137695
A365,13.75,15.6,14.144006,15.511454,14.381101,15.857913,13.255101203918457,14.544746398925781
A366,13.4,15.6,13.3455,14.435416,13.599443,14.888529,13.508444786071777,14.58047103881836
A367,12.6,14.063000000000011,14.177705,15.166598,14.225641,15.279761,13.903570175170898,14.839454650878906
A368,15.5,17.078,14.975338,15.946293,15.153794,16.240047,14.28874683380127,15.312655448913574
A369,12.2,14.461999999999989,13.048368,14.129259,13.083639,14.167756,12.647391319274902,13.634696960449219
A370,13.1,16.43800000000001,13.618938,14.734705,13.744396,15.039428,13.202192306518555,14.25054931640625
A371,14.9,16.78800000000001,12.928451,13.90926,13.575986,14.730744,12.772165298461914,13.651243209838867
A372,13.55,16.0,13.855049,14.71741,13.9890785,14.954495,13.325739860534668,14.168173789978027
A373,12.995000000000005,15.8,13.049467,14.365918,13.173326,14.545916,12.403485298156738,13.589357376098633
A374,12.0,14.6,12.083854,13.45468,12.306127,13.8015585,11.585628509521484,12.862569808959961
A375,13.5,15.325999999999977,12.574358,13.858589,12.953362,14.362423,12.025288581848145,13.133828163146973
A376,13.3,16.56199999999999,12.486419,13.650611,12.627228,13.998325,11.821962356567383,12.91832160949707
A377,11.3,14.903999999999996,11.999217,13.265413,12.064487,13.376491,11.245617866516113,12.578422546386719
A401,11.5,14.0,12.167168,14.871758,12.416427,15.443057,11.939072608947754,14.276045799255371
A402,12.9,15.9,10.6912565,12.158485,12.314104,14.84949,10.856071472167969,12.19163990020752
A403,17.2,19.6,12.758701,14.239338,14.28415,16.664682,12.12582778930664,13.573820114135742
A404,14.1,17.164999999999964,12.047494,13.521981,13.689043,16.258263,12.380186080932617,13.542191505432129
A405,14.0,16.1,13.31135,15.052543,14.001767,16.100075,13.066826820373535,14.87906551361084
A406,12.3,13.935999999999968,11.452029,12.590632,12.077737,13.380959,11.569746971130371,12.574736595153809
A407,11.4,13.190999999999985,11.654022,12.9134445,11.949834,13.356301,11.627301216125488,12.707724571228027
A408,13.0,15.1,11.396023,12.442697,12.888417,14.751747,11.349547386169434,12.360444068908691
A409,12.1,13.6,11.472483,12.796503,12.089011,13.511375,11.480360984802246,12.57512378692627
A410,11.6,13.4,10.504966,11.882601,11.161212,12.768093,10.42078685760498,11.734498023986816
A411,14.6,16.0,13.140916,14.146266,13.83789,14.914522,13.43510913848877,14.339942932128906
A412,14.2,16.3,11.393589,12.441007,13.098401,14.7411585,11.216649055480957,12.269195556640625
A413,12.0,13.6,12.283743,13.452237,12.5259495,13.818233,12.176584243774414,13.22421932220459
A414,11.889999999999963,13.4,12.142983,13.430524,12.347242,13.794632,12.245580673217773,13.409570693969727
A415,12.1,15.010999999999967,11.486572,12.737843,12.133641,14.261761,11.257641792297363,12.427971839904785
A416,12.1,19.790999999999805,11.564729,13.049927,12.256413,15.122673,11.436830520629883,12.602290153503418
A417,12.2,13.55,11.989065,12.86753,12.328406,13.44877,11.879549980163574,12.703490257263184
A418,12.280000000000019,15.1,10.55655,11.853426,11.630713,13.983441,10.43170166015625,11.730463027954102
A419,14.1,15.8,12.678035,13.624531,13.281901,14.462932,12.198831558227539,13.140971183776855
A420,13.8,16.0,12.5236,13.453594,13.025681,14.244494,12.35445785522461,13.267427444458008
A421,11.4,12.7,13.310409,14.282731,13.322125,14.3049345,12.74422836303711,13.859041213989258
A422,17.4,21.640999999999988,14.416475,16.681925,15.706925,19.129612,14.168663024902344,16.340051651000977
A423,13.4,15.4,12.021623,12.907864,12.8713045,14.320889,12.343478202819824,13.231043815612793
A424,13.8,15.7,14.659192,15.970398,14.881845,16.240328,14.12004280090332,15.378775596618652
A425,10.7,13.8,12.285468,13.512687,12.535361,13.954274,11.450103759765625,12.56027603149414
A426,16.5,18.7,14.670593,15.914107,15.890868,18.082521,14.345190048217773,15.569304466247559
A427,10.4,11.772999999999957,11.645638,13.266161,11.740381,13.445319,11.68847370147705,13.201583862304688
A428,13.2,15.1,13.251661,14.428406,13.571776,14.865372,12.791030883789062,13.823657989501953
A429,12.5,15.0,12.175419,13.123193,12.63702,13.964774,11.761947631835938,12.72615909576416
A430,14.9,17.4,13.186639,14.615395,14.335564,16.535036,13.219216346740723,14.482999801635742
A431,13.0,14.8,11.827929,12.962374,12.533798,14.156534,11.721569061279297,13.170754432678223
A432,13.5,16.214999999999964,12.793846,13.930776,13.315993,15.010055,12.600458145141602,13.564189910888672
A433,12.3,15.7,11.995561,12.965126,12.551747,14.76552,11.783363342285156,12.7167329788208
A434,12.5,14.414000000000033,12.41931,14.020167,12.673629,14.445349,12.241564750671387,13.470726013183594
A435,14.5,16.4,13.993657,15.282833,14.462524,15.863146,13.372620582580566,14.473864555358887
A436,14.5,16.1,12.389548,13.520126,13.823468,15.124874,12.21957778930664,13.242391586303711
A437,10.5,11.8,11.580729,13.186704,11.66533,13.282923,11.110278129577637,12.583450317382812
A438,11.6,13.4,11.062295,12.889591,11.554243,13.300589,11.146136283874512,12.997072219848633
A439,14.6,17.51199999999999,11.080263,12.243024,13.779175,16.639511,10.812047004699707,11.96245288848877
A440,11.9,14.4,12.633991,13.916194,12.870836,14.326907,12.096306800842285,13.203426361083984
A441,12.5,14.45600000000004,12.410938,13.579819,12.726382,14.041631,12.344034194946289,13.39177417755127
A442,13.0,15.197000000000024,12.7595825,13.97807,13.192368,14.68205,12.5492525100708,13.523907661437988
A443,13.4,15.6,15.058899,16.25798,15.166923,16.462282,14.667583465576172,15.86616039276123
A444,10.1,11.9,10.89497,12.3106365,11.085039,12.490212,10.778985977172852,12.04669189453125
A445,11.1,13.0,10.478435,11.758698,10.922904,12.509002,10.264463424682617,11.264873504638672
A446,12.5,14.8,10.400682,11.635146,11.987123,13.982334,10.290449142456055,11.333910942077637
A447,10.8,12.93000000000002,11.313778,12.74062,11.525128,13.165594,11.251214981079102,12.549646377563477
A448,13.4,15.4,13.633158,14.77962,13.820627,15.084692,13.14678955078125,14.156402587890625
A449,12.9,14.7,12.399039,13.467676,12.55211,13.688841,12.054746627807617,13.126690864562988
A450,12.7,14.5,12.566529,13.716373,12.767553,13.944088,12.641500473022461,13.695205688476562
A451,12.7,13.6,12.219388,13.04734,12.32097,13.166096,12.090365409851074,12.886885643005371
A452,11.4,13.284999999999991,11.853167,13.264869,12.012049,13.448388,11.625323295593262,12.82015323638916
A453,12.7,14.0,12.517315,13.422984,12.6107645,13.535343,12.284835815429688,13.16882610321045
A454,13.0,16.5,10.664302,11.901067,11.077792,12.551636,11.70345687866211,12.873059272766113
A455,11.5,13.5,11.87556,13.030033,11.981177,13.27756,11.75980281829834,12.96965217590332
A456,10.6,12.270000000000005,10.914862,13.097997,11.025719,13.187844,11.356484413146973,13.32593059539795
A458,13.4,16.067999999999984,12.425023,13.417135,12.760755,14.078407,12.403863906860352,13.283121109008789
A501,11.7,14.269000000000005,11.578808,13.261017,14.823834,17.290974,11.632694244384766,13.134732246398926
A502,13.4,17.178999999999995,12.119864,14.692782,13.308691,16.611452,12.578344345092773,14.889006614685059
A503,20.3,24.3,11.241925,13.4088545,12.044538,18.525597,10.967832565307617,12.822933197021484
A504,12.860000000000003,16.620000000000026,10.81619,13.256662,10.955344,13.358076,10.665919303894043,12.407922744750977
A505,13.6,16.9,11.78636,13.317179,13.215376,15.831757,12.215087890625,13.750884056091309
A506,12.6,15.5,11.775962,13.253978,12.698063,14.892218,11.461359977722168,12.818800926208496
A507,12.7,15.5,12.508162,13.966946,13.186033,15.271518,12.490989685058594,13.944470405578613
A508,12.3,15.0,10.660827,11.807822,12.024956,14.399329,10.510187149047852,11.513930320739746
A509,13.1,16.242000000000008,13.186074,16.658653,13.734786,16.985487,12.2443208694458,15.191710472106934
A510,10.6,13.7,12.149795,13.889993,12.482116,14.589717,12.268754005432129,13.518457412719727
A511,9.4,11.9,10.017732,11.16312,10.375917,11.957351,10.560791015625,11.747207641601562
A512,14.6,17.960999999999967,12.422702,13.861349,13.964624,17.174734,12.652871131896973,14.281909942626953
A513,13.4,17.529999999999927,11.654168,13.970113,13.126447,16.648457,11.838238716125488,13.867727279663086
A514,16.3,21.184000000000015,11.785937,13.864961,14.7634735,18.951876,12.261695861816406,14.174667358398438
A515,13.1,16.5,11.116495,13.335256,12.509582,15.182106,11.219846725463867,12.985596656799316
A516,13.9,18.447000000000024,11.821248,13.484428,13.044034,16.315722,11.65878677368164,13.371521949768066
A517,14.0,17.8,10.880838,13.221144,12.465052,15.192014,10.040698051452637,11.788623809814453
A518,15.234999999999944,19.7,11.638349,13.784729,13.357204,16.23938,11.733691215515137,13.479121208190918
A519,14.204999999999927,17.8,12.088705,13.627641,13.814697,17.0813,12.466733932495117,14.248411178588867
A520,15.8,20.1,11.147666,12.6580925,14.212531,17.950745,11.399211883544922,13.046597480773926
A521,12.6,16.176000000000023,11.578808,13.261017,14.823834,17.290974,11.663440704345703,13.133394241333008
A522,13.0,15.2,11.366447,12.6031275,12.556156,14.371026,11.22260570526123,12.382813453674316
A523,12.7,15.9,11.726497,13.273206,12.696351,15.286882,11.929428100585938,13.48523998260498
A524,13.1,16.5,10.966958,12.601744,12.653914,15.626964,11.540788650512695,13.197303771972656
A525,14.3,17.4,12.074603,13.564575,13.348076,15.47242,12.356293678283691,13.823988914489746
A526,12.6,15.3,11.687001,12.924311,12.39038,14.406411,11.358278274536133,12.497098922729492
A527,12.0,16.0,10.718093,11.937117,11.726651,14.657094,10.750463485717773,11.943449974060059
A528,12.8,16.0,10.317265,11.932168,12.376229,15.3742075,10.565747261047363,12.137807846069336
A529,15.9,19.197999999999954,11.731354,14.724551,13.44318,16.19677,12.17414379119873,15.201565742492676
A530,11.6,15.5,13.248263,15.843162,13.589129,16.20393,12.216612815856934,14.483598709106445
A531,10.2,13.0,12.544775,15.750846,12.937263,16.032722,12.200845718383789,14.83752155303955
A532,13.3,18.49300000000003,9.549998,10.988737,12.275598,16.473152,9.914703369140625,11.387617111206055
A533,12.8,17.35199999999995,10.243974,11.640988,12.080154,16.202864,10.83210277557373,12.223061561584473
A534,14.7,17.357999999999993,10.904808,12.118871,13.299955,15.073503,10.679389953613281,12.010473251342773
A535,10.3,13.3,11.216343,12.824716,11.719559,13.555492,11.601338386535645,13.020838737487793
A536,15.1,19.7,10.207978,11.846937,13.672101,17.868467,10.600475311279297,12.300564765930176
A537,13.5,16.22600000000002,12.697062,14.270585,13.51453,15.60061,12.317806243896484,13.701362609863281
A538,12.8,17.0,10.498638,12.027318,12.204269,15.979568,10.918421745300293,12.473846435546875
A539,11.4,14.3,10.731842,12.030554,11.487692,13.517171,10.673174858093262,11.91398811340332
A540,10.5,13.684000000000013,10.909052,12.147,11.284408,13.420894,10.774179458618164,12.058669090270996
A541,12.3,16.0,11.24305,12.622057,12.103838,14.748255,11.059720039367676,12.601819038391113
A542,13.8,17.4,10.636532,12.102233,12.497406,15.340911,10.684374809265137,12.038749694824219
A543,13.7,16.41400000000003,13.999836,15.356381,14.321007,15.957399,13.328106880187988,14.51172924041748
A544,14.3,17.5,11.139874,12.633336,13.340074,16.20202,11.1533784866333,12.57984733581543
A545,12.1,14.897000000000025,11.359116,12.799503,12.127015,14.377699,11.276474952697754,12.495039939880371
A546,13.2,16.59899999999998,12.209529,13.614323,12.94646,15.254263,11.64280891418457,12.97404956817627
A547,12.4,15.6,10.757993,12.185353,11.851228,14.337113,10.83302116394043,12.141627311706543
A548,13.8,16.9,11.74814,13.094006,13.150697,15.619113,11.570761680603027,12.752511978149414
A549,13.1,16.153999999999996,11.529502,12.733125,12.7596655,15.226899,11.495716094970703,12.573773384094238
A550,12.4,15.4,11.431256,12.671736,12.270931,14.614363,11.472652435302734,12.549522399902344
A551,12.7,15.289000000000033,12.396351,13.601548,12.907223,14.793049,11.94277286529541,13.216280937194824
A552,12.1,15.619999999999981,11.089581,12.265503,11.930415,14.379424,11.247422218322754,12.41834831237793
A553,13.4,17.1,10.996485,12.541275,12.693085,15.750931,11.27198600769043,12.654574394226074
A554,11.825000000000001,15.425,10.088488,11.409941,11.207632,13.796835,10.063565254211426,11.526989936828613
A555,16.8,19.8,11.578808,13.261017,14.823834,17.290974,11.650606155395508,13.346113204956055
A556,12.909999999999945,17.0,11.223369,12.993199,12.28883,15.320118,11.591715812683105,13.228649139404297
A557,12.6,17.002999999999975,11.699159,14.0245075,12.641269,15.6595,11.787619590759277,13.460652351379395
A559,12.2,15.1,11.724196,13.08252,11.998604,13.651249,11.415980339050293,12.69195556640625
A560,13.0,16.3,10.857733,12.422168,11.50479,13.752217,11.36170482635498,13.012703895568848
A561,13.3,18.140000000000054,12.621043,14.239257,13.035893,15.23607,12.347236633300781,13.864870071411133
A562,12.3,14.894000000000005,11.207283,12.786275,11.633499,13.480649,11.459611892700195,12.927421569824219
A563,15.1,17.0,12.001548,13.50903,13.197436,15.459026,12.023929595947266,13.319958686828613
A564,13.3,17.42199999999998,10.819042,12.430433,11.472043,13.694947,11.478057861328125,13.115984916687012
A565,13.4,17.8,10.272696,11.793886,11.285401,15.024347,10.759029388427734,12.259458541870117
A566,12.5,15.5,10.883236,12.130503,11.422021,13.456483,11.167312622070312,12.53961181640625
A567,14.7,19.325999999999976,11.438722,14.173878,12.25202,15.568855,10.912373542785645,12.837874412536621
A568,14.1,18.1,12.132449,13.599575,12.804374,14.938073,12.215667724609375,13.83286190032959
A569,12.6,16.984000000000016,11.052707,12.538045,11.639868,13.800415,11.441604614257812,12.80260181427002
A570,14.1,18.802,11.790606,13.693566,12.550442,15.099042,12.096244812011719,13.889335632324219
A571,13.5,16.8,10.997761,12.418636,11.586223,13.562202,10.914773941040039,12.30776309967041
A572,11.579999999999988,17.740000000000002,11.578808,13.261017,14.823834,17.290974,11.778045654296875,13.355649948120117
A601,13.6,17.7,11.759422,13.732292,13.301888,16.307165,12.245275497436523,14.390820503234863
A602,16.5,20.3,12.62857,15.579051,13.577953,16.435411,12.918420791625977,15.708512306213379
A603,11.4,14.539000000000033,11.521129,13.943104,16.322058,19.733286,11.461004257202148,13.453678131103516
A604,10.9,14.682999999999993,10.709289,12.351362,11.296657,13.642105,10.869149208068848,12.356689453125
A605,13.0,16.392000000000007,12.640001,14.996024,13.146683,15.661981,12.220895767211914,14.448960304260254
A606,19.1,22.1,16.0234,17.70708,18.381672,21.320341,15.398388862609863,16.967554092407227
A607,14.8,17.740999999999985,13.81196,15.40972,14.625653,16.796694,13.334233283996582,14.972167015075684
A608,14.1,15.859000000000014,13.440969,15.323504,14.028444,16.028498,12.469531059265137,14.248988151550293
A609,14.7,20.385999999999967,10.067838,13.112263,13.251382,17.373516,10.263583183288574,12.597336769104004
A610,21.3,25.9,11.521129,13.943104,16.322058,19.733286,11.650554656982422,13.68985652923584
A611,11.5,14.9,12.209,14.271627,12.841135,15.043845,12.269912719726562,13.817506790161133
A612,12.1,13.756999999999971,12.84954,14.9725685,13.087667,15.156879,12.542512893676758,14.29727840423584
A613,12.5,15.280999999999949,12.59903,14.596056,13.082069,15.343173,12.154072761535645,13.959216117858887
A614,13.6,16.361999999999895,12.540964,14.200445,13.254189,15.218524,12.379108428955078,14.044450759887695
A615,13.0,15.4,12.212297,13.859693,12.933809,14.773428,12.017557144165039,13.390851974487305
A616,12.2,13.8,13.533338,15.682635,13.693418,15.841473,12.559205055236816,14.227738380432129
A617,11.3,14.7,10.966455,12.929308,11.725537,14.482113,10.946757316589355,12.706138610839844
A618,10.5,13.1,11.246626,13.769242,11.721072,14.347469,11.49544620513916,13.766069412231445
A619,11.0,15.9,11.402248,14.167837,12.204379,15.671736,11.647573471069336,14.326464653015137
A620,16.5,18.4,14.899397,16.771008,16.096954,18.118828,14.970938682556152,16.722379684448242
A621,13.4,17.31199999999999,12.457921,14.520673,13.235682,15.623633,12.353864669799805,14.744762420654297
A622,17.2,19.4,12.405648,14.076452,15.502371,17.787933,12.364093780517578,13.91215991973877
A623,11.8,14.376000000000023,11.489003,13.225633,11.903799,13.727351,11.194060325622559,12.499838829040527
A624,13.3,16.5,12.385127,15.229552,13.037735,16.068321,11.713913917541504,13.811327934265137
A625,10.4,13.1,11.239819,13.277957,11.701043,13.89138,11.395087242126465,13.124136924743652
A626,12.5,16.739000000000033,11.507578,13.382366,12.051944,14.083298,11.067505836486816,12.73115062713623
A627,11.8,13.9,10.782905,13.09749,11.203028,13.529778,11.442535400390625,13.606343269348145
A628,10.4,13.6,10.865693,13.459783,11.142943,13.834445,10.724142074584961,12.829758644104004
A629,9.7,12.836000000000013,10.627297,12.949273,10.95887,13.1912565,10.50887393951416,12.514911651611328
A630,9.4,11.3,13.014946,15.5063715,13.069894,15.61631,12.241349220275879,14.49704647064209
A631,12.4,14.9,11.241854,12.67706,11.637727,13.456268,11.187152862548828,12.650352478027344
A632,11.1,13.81199999999999,11.434389,13.035722,11.654332,13.448173,11.132549285888672,12.627568244934082
A633,9.2,10.9,11.936336,14.07595,12.138911,14.273923,12.015372276306152,13.944244384765625
A634,14.215000000000009,15.623000000000001,13.435595,14.984338,13.815819,15.238512,13.248686790466309,14.653627395629883
A635,17.4,22.99000000000001,14.459512,19.366125,15.219554,20.035898,13.614147186279297,17.422447204589844
A636,11.6,15.23699999999999,12.62857,15.579051,13.577953,16.435411,12.671820640563965,15.246758460998535
A637,10.18499999999999,13.37399999999998,12.360695,14.111575,12.9643545,14.628451,12.133732795715332,13.722404479980469
A651,13.920000000000005,18.455999999999978,12.640001,14.996024,13.146683,15.661981,12.220895767211914,14.448960304260254
A652,17.8,22.3,12.640001,14.996024,13.146683,15.661981,12.220895767211914,14.448960304260254
A653,13.9,16.355999999999995,12.640001,14.996024,13.146683,15.661981,12.349780082702637,14.598642349243164
A654,13.8,17.084000000000017,12.640001,14.996024,13.146683,15.661981,12.432392120361328,14.895030975341797
A655,15.049999999999997,15.932,12.640001,14.996024,13.146683,15.661981,11.621387481689453,13.664323806762695
A656,10.5,13.902999999999988,12.640001,14.996024,13.146683,15.661981,12.349780082702637,14.598642349243164
A657,12.4,16.8,11.760834,14.237028,12.288676,15.185136,11.771147727966309,13.833065032958984
A659,11.3,13.4,12.334243,14.137943,12.558586,14.308628,11.667497634887695,13.228598594665527
A667,13.239999999999963,17.2,12.334243,14.137943,12.558586,14.308628,12.163159370422363,13.724274635314941
A701,14.2,18.2,13.917108,17.16599,14.540153,17.75557,13.610774040222168,16.40436363220215
A702,15.8,19.6,13.3449335,16.345217,15.689101,19.30485,13.20028018951416,15.721945762634277
A703,14.6,17.5,15.198389,18.359892,15.757838,19.203201,14.808412551879883,17.600948333740234
A704,13.5,17.13799999999992,11.43848,13.6074,12.989924,16.388622,12.206653594970703,14.710500717163086
A705,12.7,16.564000000000032,12.94474,15.025348,13.625583,16.351208,12.897778511047363,14.81947135925293
A706,11.5,14.7,12.289928,15.5929,12.56221,15.754053,12.452632904052734,15.383367538452148
A707,13.4,17.1,12.137197,14.209679,13.356365,16.408024,12.643159866333008,15.181493759155273
A708,12.9,15.6,12.255457,13.988492,12.955234,15.07069,12.178000450134277,13.854490280151367
A709,16.0,19.946,12.619772,15.587178,15.339905,19.250622,13.292635917663574,16.061079025268555
A710,15.1,19.392000000000007,11.543027,13.435044,13.654986,17.483337,12.23373794555664,14.198484420776367
A711,13.1,16.1,13.043241,15.408304,13.675394,16.099667,12.69778823852539,14.66757869720459
A712,13.1,16.121000000000006,12.918546,15.486022,13.605511,16.163582,11.741190910339355,13.70832633972168
A713,14.7,19.010000000000037,13.633968,15.900133,14.673838,17.88155,13.133740425109863,15.20761489868164
A714,14.8,18.9,13.723757,16.021872,14.860693,18.245094,13.457042694091797,15.64887523651123
A715,14.9,19.478999999999996,14.0567875,17.278381,15.013869,18.810207,13.591079711914062,16.098176956176758
A716,14.1,19.571999999999935,12.973438,15.188903,13.937028,17.737223,12.995354652404785,15.14594841003418
A717,15.2,18.9,13.41561,15.9471655,14.737534,17.990076,13.181720733642578,15.488027572631836
A718,14.739999999999963,18.8,12.225771,14.075231,13.845867,17.3103,12.703459739685059,14.85987377166748
A719,13.7,17.1,13.539754,16.352413,14.377979,17.444664,13.150198936462402,15.495760917663574
A720,13.6,17.0,11.731432,13.8950815,13.394093,16.494602,12.456259727478027,14.335984230041504
A721,15.2,19.0,13.784047,17.203693,15.081927,18.377083,13.661009788513184,16.356334686279297
A722,12.8,16.1,13.319594,16.264788,13.893597,16.88203,12.846333503723145,15.393915176391602
A723,14.8,17.8,16.083975,18.966238,16.497007,19.361094,15.388009071350098,17.92168617248535
A724,15.6,19.1,14.100737,16.54458,15.536965,18.326677,13.6939058303833,15.896397590637207
A725,14.3,17.8,13.406568,15.525085,14.253746,16.9495,13.29902458190918,15.184294700622559
A726,15.0,19.798999999999978,12.487486,14.49859,13.925351,17.487494,12.09235954284668,13.956291198730469
A727,13.1,16.8,12.212183,14.132847,13.146007,15.944571,12.286779403686523,14.388458251953125
A728,13.8,18.4,11.426381,14.405404,13.294843,17.282406,11.113677024841309,13.733222961425781
A729,14.2,18.7,11.957909,13.582997,13.136013,16.697704,12.35784912109375,14.298222541809082
A730,15.0,18.8,11.739321,14.068615,14.014424,17.275303,12.75503158569336,15.0567626953125
A731,13.8,17.46800000000003,14.113848,17.149477,14.696329,17.787485,13.82483196258545,16.619016647338867
A732,15.9,19.43199999999997,12.792272,15.453942,15.063118,18.552046,13.101872444152832,15.457033157348633
A733,15.2,19.4,11.964731,13.6431265,14.049124,17.703224,12.3690824508667,14.337690353393555
A734,15.0,19.71300000000001,11.856347,13.820212,13.912,17.795416,12.370612144470215,14.605360984802246
A735,15.3,19.4,11.731196,13.634624,13.706799,17.192688,11.948305130004883,14.036579132080078
A736,14.1,18.1,11.8857975,13.76634,13.184915,16.117182,11.964069366455078,14.039870262145996
A737,14.0,17.4,12.0101385,13.903771,13.316064,16.211468,12.120409965515137,14.150944709777832
A738,13.0,16.121000000000006,12.041542,14.050916,12.954149,15.605227,11.786237716674805,13.697345733642578
A739,12.1,15.5,11.964912,14.490492,12.641967,15.342054,11.437837600708008,13.586654663085938
A740,13.9,18.97399999999998,11.888376,15.085493,13.328285,16.965807,11.466958999633789,14.325691223144531
A741,15.0,17.8,13.805767,15.8608465,14.70335,17.307148,13.472557067871094,15.292421340942383
A742,13.9,18.131999999999973,11.326104,13.411371,13.092787,16.432661,12.420376777648926,14.825369834899902
A743,15.809999999999945,19.5,13.380801,16.581734,15.380687,19.014883,13.534032821655273,16.329437255859375
A744,13.8,18.309000000000015,13.689252,16.660221,14.062816,17.351286,13.053560256958008,15.367377281188965
A745,18.8,21.3,11.960734,14.143756,13.173885,17.103846,12.108231544494629,14.14755916595459
A746,10.4,13.1,12.739794,15.930991,12.90258,16.207413,12.006880760192871,14.844711303710938
A747,15.7,20.1,11.787712,13.930234,13.74305,17.176891,11.842514991760254,13.94292163848877
A748,11.45,14.3,11.239591,13.085918,11.787967,14.113706,11.73984146118164,13.942173957824707
A749,14.3,17.677999999999976,13.578235,16.907562,14.505973,17.727716,13.678513526916504,16.51893424987793
A750,15.2,19.5,14.00219,17.382915,15.028061,18.757484,14.324769973754883,17.02574348449707
A751,14.9,18.8,13.550143,16.370476,14.804036,18.39112,14.0579252243042,16.85512924194336
A752,15.709999999999944,20.24400000000005,12.815965,15.552888,14.802759,18.600363,13.384620666503906,16.017539978027344
A753,13.6,17.715999999999983,11.472644,13.049718,12.639235,15.670889,11.649992942810059,13.29957389831543
A754,14.344999999999983,17.709000000000014,13.974148,16.920324,14.962983,18.032576,13.755321502685547,16.389942169189453
A755,13.189999999999962,17.397999999999954,14.042542,17.158531,14.419109,17.616486,13.708379745483398,16.5732479095459
A756,14.589999999999963,18.5,12.033075,14.71671,13.74591,17.385263,12.742815017700195,15.218612670898438
A757,14.7,18.2,14.455284,17.25573,14.922285,17.848936,14.114619255065918,16.34265899658203
A758,13.3,16.4,14.446149,17.59166,14.798659,17.808205,13.937878608703613,16.424663543701172
A759,15.8,20.357999999999993,12.004709,14.477362,13.860997,18.4677,12.58247184753418,15.143239974975586
A760,15.9,20.392000000000007,11.750464,13.876752,14.287552,18.15501,12.596366882324219,14.705072402954102
A761,16.0,19.9,11.6078615,13.604658,14.040531,17.203112,12.445149421691895,14.236988067626953
A762,16.234999999999992,21.1,12.101294,14.11325,13.138054,17.205742,12.57584285736084,15.010639190673828
A763,12.3,15.350999999999976,12.453999,14.715833,12.649717,15.023733,12.770005226135254,14.770776748657227
A764,13.2,16.690999999999985,11.556296,13.637687,12.163783,14.5804205,11.745687484741211,13.871068000793457
A765,12.3,18.394000000000005,13.911247,17.919565,14.241632,18.11876,11.91094970703125,14.371893882751465
A766,11.6,14.8,11.471512,13.671328,11.711474,14.244228,10.82497787475586,12.876239776611328
A767,15.649999999999999,20.289999999999985,12.279762,14.062486,12.677995,14.760684,12.837794303894043,14.524253845214844
A768,14.4,18.315999999999985,12.096904,14.072308,12.85761,15.80588,12.362536430358887,14.657809257507324
A769,13.6,19.0,10.814278,13.305242,11.691375,15.197142,10.942042350769043,13.4137544631958
A770,13.85999999999999,16.8,11.809001,13.801085,12.447665,14.851312,11.731340408325195,13.71750545501709
A771,12.3,15.26500000000001,14.358065,17.64642,14.467966,17.791767,14.164223670959473,17.43695068359375
A801,13.4,17.0,14.270922,17.553955,14.422967,17.694807,14.249061584472656,17.149478912353516
A802,16.6,20.4,16.17024,19.67466,17.135868,20.88976,16.92685317993164,20.273916244506836
A803,15.2,20.1,13.993283,17.22634,15.625017,20.020308,14.11531925201416,17.024423599243164
A804,15.7,20.2,14.601136,17.338861,15.819437,19.71106,14.690048217773438,17.518802642822266
A805,15.7,20.6,14.248717,17.48128,15.964223,19.934792,14.784150123596191,17.91289710998535
A806,13.9,16.23099999999995,13.825115,16.221128,14.546558,16.864779,14.35583782196045,16.722780227661133
A807,14.0,17.6,13.889449,16.969534,14.690703,17.988508,13.324301719665527,16.14431381225586
A808,16.0,19.2,13.406779,16.015585,15.203846,18.116798,14.672563552856445,17.490493774414062
A809,16.2,20.3,14.537534,16.942287,15.909433,19.613592,14.828998565673828,17.480276107788086
A810,14.5,19.81800000000003,14.177905,17.071835,15.135359,19.251213,13.96820068359375,16.964712142944336
A811,18.5,22.528999999999996,15.214633,18.743042,17.550232,21.208065,15.377572059631348,18.45789909362793
A814,11.7,15.350000000000001,13.045266,15.415024,13.649798,16.312304,13.615330696105957,15.9705171585083
A815,15.6,19.4,16.55343,20.45185,17.242266,21.057552,17.38713836669922,21.226179122924805
A816,18.2,22.6,14.64801,18.292347,16.782223,20.623606,15.252525329589844,18.240697860717773
A817,13.5,18.2,12.246247,15.634177,13.569093,17.597542,12.12989616394043,15.353912353515625
A818,13.2,16.91300000000001,12.90276,15.909652,13.752116,17.273941,12.527168273925781,15.413281440734863
A819,14.0,18.067000000000007,14.279771,17.415127,14.871839,18.200558,13.664713859558105,16.31313705444336
A820,16.7,22.010999999999967,13.458995,15.934528,16.056128,21.021523,14.159634590148926,16.721702575683594
A821,17.2,19.52399999999998,12.941136,14.987757,16.443022,18.845247,12.974034309387207,14.93040657043457
A822,14.5,19.163999999999987,12.534098,14.841122,13.498103,16.852089,12.926383018493652,15.094833374023438
A823,13.8,17.85,13.261979,16.51845,14.142585,17.956696,13.096049308776855,16.00194549560547
A824,17.0,21.38800000000001,12.808101,15.560696,14.939373,18.487827,13.348129272460938,16.038461685180664
A825,16.7,21.4,12.700827,15.524728,14.467436,18.822002,13.614713668823242,16.1864070892334
A826,14.5,18.0,14.65623,17.467262,15.403528,18.632845,14.716544151306152,17.537227630615234
A827,16.9,21.2,14.776523,17.786682,15.056159,17.995054,14.887170791625977,17.917757034301758
A828,14.1,18.2,13.975163,17.720268,14.941268,18.577574,14.420937538146973,17.71701431274414
A829,20.9,24.8,17.62208,22.651821,19.563791,24.063677,18.027666091918945,22.674571990966797
A830,15.6,20.325,14.189627,17.18245,15.517668,19.304415,14.210982322692871,17.273908615112305
A831,16.9,22.84899999999998,14.85363,17.6996,16.472351,21.322754,15.230316162109375,17.916593551635742
A832,14.9,18.7,14.374093,17.169256,15.330908,18.554585,14.371389389038086,16.84469223022461
A833,15.2,19.3,14.726116,17.99798,15.672084,19.386,14.55199909210205,17.48841667175293
A834,17.9,21.6,16.583042,20.07425,17.328512,21.029833,17.126657485961914,20.514144897460938
A835,13.9,18.3,12.25217,14.903569,13.741843,17.448254,13.04100227355957,15.630260467529297
A836,16.1,20.9,14.548945,17.71381,15.85894,19.907051,15.369527816772461,18.63709259033203
A837,19.1,23.85699999999997,14.904214,18.771322,17.714123,21.860914,15.03347396850586,18.595985412597656
A839,16.6,21.1,14.895242,18.302927,16.614103,20.389727,15.214529991149902,18.35662841796875
A840,15.9,20.3,14.2212105,17.872704,15.54648,19.473948,14.063312530517578,17.540437698364258
A841,17.2,22.21300000000001,14.158308,17.171125,15.841028,19.83347,14.342524528503418,17.068584442138672
A842,16.2,19.253999999999998,13.013921,15.0322895,14.97138,17.689835,13.118699073791504,15.396993637084961
A843,16.5,22.3,12.743565,15.874892,15.220468,19.985184,13.72215747833252,16.806148529052734
A844,16.0,21.1,15.148838,18.769382,16.57456,21.030245,15.37667179107666,18.425912857055664
A845,29.1,33.925,14.040055,18.040405,22.462904,27.48507,15.114562034606934,18.600183486938477
A846,16.4,21.2,12.936285,15.751917,15.377475,19.669918,13.896491050720215,16.782894134521484
A847,14.3,18.77199999999998,13.617815,16.383705,14.378663,17.24978,11.559847831726074,13.966804504394531
A848,16.4,20.022000000000027,14.583853,18.19729,16.117239,19.752127,15.452485084533691,18.45160675048828
A849,15.6,19.6,12.328301,14.72715,14.417616,17.951399,12.840715408325195,15.296480178833008
A850,17.584999999999948,21.417000000000005,12.118073,14.118703,15.494298,19.032043,13.043747901916504,15.19821548461914
A851,11.3,15.064999999999964,12.066619,14.698472,12.6751175,15.4167185,11.244241714477539,13.185876846313477
A852,15.2,19.3,13.832195,16.897123,15.3158,18.74903,14.006773948669434,17.26255989074707
A853,17.3,22.45,14.626725,18.04577,16.606388,20.733067,14.824811935424805,18.168197631835938
A854,14.2,18.4,13.62837,16.823603,14.801886,18.215286,13.675683975219727,16.694866180419922
A855,16.5,22.0,12.633484,15.540234,15.312071,20.650883,13.619140625,16.740304946899414
A856,15.8,20.3,14.31385,17.77312,15.759084,19.567968,14.670693397521973,17.98973274230957
A857,16.9,21.448999999999977,13.931484,17.756506,16.100073,20.469315,14.675215721130371,17.923725128173828
A858,17.1,21.126999999999953,14.442434,18.541204,15.951889,19.583715,14.953033447265625,18.33107566833496
A859,14.3,18.0,14.18636,17.77777,15.061032,18.659586,13.891312599182129,16.7581844329834
A860,16.2,20.7,14.34346,17.66517,15.811501,19.630997,14.201545715332031,17.236038208007812
A861,13.2,18.1,13.834894,17.196087,14.721327,18.154123,13.076951026916504,16.13239288330078
A862,13.7,18.0,15.229681,18.708458,15.67714,19.410414,14.23637580871582,17.33368492126465
A863,13.0,17.6,12.48024,15.544632,13.608757,17.1763,12.816509246826172,15.753496170043945
A864,15.9,20.513999999999943,13.256897,16.653824,14.734055,18.392675,12.702269554138184,15.619906425476074
A865,15.4,19.114000000000033,14.16758,17.338408,15.000405,18.126167,14.763131141662598,17.394521713256836
A866,23.9,28.4,15.644412,18.653906,20.800377,25.04721,17.39571189880371,20.180265426635742
A867,15.2,19.232999999999993,13.51187,15.988976,14.743337,18.177858,14.364584922790527,16.895694732666016
A868,12.0,16.4,12.18217,14.548505,12.767371,15.76402,12.188733100891113,14.402009010314941
A869,14.8,18.9,12.238263,14.929606,14.011074,17.426075,13.228981971740723,15.802972793579102
A870,14.634999999999991,18.2,14.1915245,17.23475,14.640976,17.719934,14.431800842285156,17.554067611694336
A871,14.1,18.3,12.315575,14.467962,13.639676,17.143255,12.576125144958496,14.596816062927246
A872,14.6,19.0,12.68167,15.290035,13.859202,17.538897,12.593592643737793,14.976659774780273
A873,13.0,17.4,11.595538,14.821674,12.910372,16.78792,11.92148208618164,15.02145004272461
A874,11.0,13.8,13.5004015,16.582813,13.762084,16.918598,12.651363372802734,15.379474639892578
A875,12.980000000000018,16.8,14.69838,18.453136,15.109425,18.71,13.942086219787598,16.850086212158203
A876,16.8,21.0,14.765113,18.404497,16.239351,19.892822,14.936217308044434,17.711721420288086
A878,20.3,24.3,17.635582,21.434166,19.301867,23.25818,17.58272933959961,21.06990623474121
A879,15.8,19.9,15.062697,18.872953,15.586717,19.524403,14.641613960266113,18.30164909362793
A880,16.6,23.323999999999977,15.162861,19.076618,16.253345,20.70879,14.895971298217773,18.170654296875
A881,16.8,22.14300000000003,14.823924,17.863035,15.978964,19.905834,14.820747375488281,17.59371566772461
A882,16.3,21.327999999999975,13.305279,16.455675,14.45105,18.64986,13.180831909179688,16.15216827392578
A883,14.6,18.0,13.845834,17.496723,14.785251,18.257977,14.430558204650879,17.603866577148438
A884,12.6,16.8,13.580685,17.182116,13.710138,17.446667,13.26641845703125,16.867820739746094
A886,13.9,18.305999999999994,14.767065,18.317863,15.197098,19.119871,14.8523530960083,18.050527572631836
A889,16.2,19.986999999999988,13.920674,16.821964,14.934083,18.54801,13.906201362609863,16.723758697509766
A893,15.2,19.35,14.618739,17.952137,15.075286,18.58649,14.68704605102539,17.74571418762207
A894,13.0,17.5,14.469766,18.383022,14.869656,18.742804,14.736477851867676,18.34742546081543
A895,17.2,21.6,13.499345,17.278194,14.748413,18.413902,14.412911415100098,17.6188907623291
A897,16.4,20.0,15.93059,20.18174,16.517073,20.48913,16.471092224121094,20.767004013061523
A898,15.6,19.682000000000016,14.326151,17.533741,14.925742,18.22111,14.262911796569824,17.028078079223633
A901,12.9,16.1,11.130126,12.797581,12.609198,15.093895,11.59156608581543,13.052786827087402
A902,14.829999999999927,18.9,11.045994,12.756529,13.7833805,17.154396,11.166390419006348,12.683647155761719
A903,11.9,14.7,10.680041,12.774052,11.919084,14.11258,11.05213451385498,12.557429313659668
A904,13.2,16.4,10.127483,11.584442,12.318181,15.387634,10.778594017028809,12.099285125732422
A905,13.1,16.3,11.440352,13.706232,12.766792,15.294517,11.60069465637207,13.424909591674805
A906,12.7,16.4,9.943859,11.102674,11.907155,15.213236,10.595930099487305,11.785843849182129
A907,14.4,17.9,10.258138,11.834717,13.595484,16.841166,11.202230453491211,12.736610412597656
A908,14.7,18.3,9.909237,11.276174,13.673717,17.067886,10.538411140441895,11.798616409301758
A909,13.9,17.0,11.332954,12.963716,12.700237,15.48394,12.180715560913086,13.921159744262695
A910,12.0,15.2,10.105838,11.199287,11.106025,14.055879,10.114001274108887,11.316230773925781
A911,15.804999999999973,20.161000000000012,10.918344,12.808917,13.212799,16.497356,11.241049766540527,12.848518371582031
A912,14.9,18.6,11.263073,12.777709,13.961232,17.432037,11.812094688415527,13.212447166442871
A913,12.980000000000018,15.9,11.427355,12.981667,12.592752,15.249175,11.560332298278809,12.922408103942871
A914,12.9,15.7,10.101346,11.370064,11.691713,14.647148,10.396957397460938,11.592674255371094
A915,14.725,18.36500000000001,10.663116,11.892525,12.990045,16.094934,11.442557334899902,12.742176055908203
A916,13.0,16.45699999999997,10.727058,11.947905,12.086653,14.915017,10.968056678771973,12.186945915222168
A917,13.4,16.77399999999998,10.201016,11.337913,12.428069,15.577389,10.683061599731445,11.880866050720215
A918,14.1,17.61500000000001,10.293283,11.656444,11.752344,14.670625,10.476842880249023,11.712849617004395
A919,11.3,14.5,10.038238,11.282626,10.850199,13.164834,10.157772064208984,11.305778503417969
A920,12.2,15.7,10.032157,11.406506,11.478315,14.283477,10.294133186340332,11.520098686218262
A921,14.2,17.423999999999978,10.973963,12.501952,12.428365,15.243446,10.981856346130371,12.43189525604248
A922,13.4,16.9,12.19657,14.268971,13.0695305,15.615959,12.27867317199707,13.982048034667969
A923,16.0,20.078,11.494231,12.944717,12.60753,15.426159,11.95352554321289,13.202691078186035
A924,12.5,16.040999999999986,10.104753,11.266059,11.292776,13.972991,10.449906349182129,11.719097137451172
A925,13.4,20.359000000000012,9.09813,10.456477,11.158401,16.057571,9.667821884155273,11.118451118469238
A926,14.1,17.20600000000004,9.902345,11.154822,12.662254,15.755619,10.28681755065918,11.614367485046387
A927,14.1,17.6,10.166038,11.766186,12.588172,15.970672,10.518540382385254,11.933440208435059
A928,13.1,16.6,10.360676,12.133247,12.159126,15.243112,10.84048080444336,12.248735427856445
A929,15.9,19.4,10.621304,11.843261,13.895124,17.740475,11.285351753234863,12.438773155212402
A930,12.7,16.0,10.265795,11.474995,11.76557,14.952549,10.984024047851562,12.241898536682129
A931,14.9,18.3,10.976377,12.357226,13.3899145,16.562841,11.512928009033203,13.018211364746094
A932,13.1,16.5,10.872067,12.268686,12.240935,15.299297,11.62950325012207,13.03281021118164
A933,14.6,18.502999999999975,11.777852,13.47282,13.435235,16.800604,12.290678977966309,13.80187702178955
A934,15.4,19.1,11.849325,13.612671,14.09824,17.271812,12.678107261657715,14.461222648620605
A935,12.8,16.269999999999982,10.881655,12.540978,11.974389,14.743554,11.284139633178711,12.82804012298584
A936,12.6,15.8,11.708976,13.625058,12.549022,14.912662,11.499665260314941,13.198105812072754
A937,12.7,15.8,12.272156,14.437733,13.077054,15.518253,12.336538314819336,14.282909393310547
A938,12.0,15.0,10.570607,12.020955,11.444368,13.686138,10.830005645751953,12.165560722351074
A939,12.5,15.964000000000032,9.967693,11.637643,11.595994,14.5305605,10.22113037109375,11.647504806518555
A940,13.8,20.036000000000012,9.831704,11.485504,11.489684,16.056908,10.328702926635742,11.87363338470459
A941,12.3,15.353999999999997,11.726728,13.638465,12.205447,14.401554,11.941036224365234,13.748241424560547
A942,12.5,15.283000000000005,10.410717,11.55914,10.627558,12.116944,10.48357105255127,11.5509033203125
A943,14.2,18.66300000000001,11.064834,12.36272,11.646689,13.615753,11.068793296813965,12.35561466217041
A944,11.6,14.089999999999987,10.99885,12.668506,11.283221,13.0891695,11.317872047424316,12.714272499084473
B803,15.165000000000008,19.313000000000013,12.657099,15.45154,13.547501,16.670273,13.303604125976562,16.22007942199707
B804,15.219999999999981,19.632000000000016,13.628277,16.866014,14.228688,17.590458,13.79866886138916,16.565872192382812
B806,12.1,15.294000000000006,13.959176,17.191353,14.197815,17.423874,13.360413551330566,16.412181854248047
B807,15.225,21.255000000000006,14.849931,17.88908,14.908421,17.971672,14.588608741760254,17.458114624023438
B808,11.639999999999997,12.071,14.5689745,17.733334,14.645937,17.803997,13.819035530090332,16.89948081970215
B809,12.754999999999994,15.333000000000002,13.238129,16.598783,13.284812,16.607595,13.403453826904297,16.5643310546875
B810,12.655,13.481000000000002,13.809824,17.100986,13.825963,17.107403,13.82217788696289,16.727333068847656
B811,11.289999999999996,14.656000000000002,14.864239,18.135706,14.86976,18.195887,14.504070281982422,17.504716873168945
B812,10.274999999999999,10.713000000000001,13.809824,17.100986,13.825963,17.107403,13.534985542297363,16.486780166625977
B819,16.13,16.4,14.411524,18.205965,14.50761,18.261309,14.003607749938965,17.582298278808594
F501,19.8,24.378999999999994,11.578808,13.261017,14.823834,17.290974,11.778045654296875,13.355649948120117
