codigo_estacao,fonte,ano,rajada_ms
A703,Base Pré-Interpolada,2001,21.5949
A703,Base Pré-Interpolada,2002,22.3
A703,Base Pré-Interpolada,2003,22.1
A703,Base Pré-Interpolada,2005,19.8257
A703,Base Pré-Interpolada,2006,22.6
A703,Base Pré-Interpolada,2007,26.5583
A703,Base Pré-Interpolada,2008,18.4823
A703,Base Pré-Interpolada,2009,21.3234
A703,Base Pré-Interpolada,2010,18.9298
A703,Base Pré-Interpolada,2011,20.4723
A703,Base Pré-Interpolada,2012,21.3
A703,Base Pré-Interpolada,2013,22.115
A703,Base Pré-Interpolada,2014,21.422
A703,Base Pré-Interpolada,2015,21.7
A703,Base Pré-Interpolada,2016,19.7
A703,Base Pré-Interpolada,2017,22.4717
A703,Base Pré-Interpolada,2018,21.7162
A703,Base Pré-Interpolada,2019,20.5963
A703,Base Pré-Interpolada,2022,20.7
A703,Base Pré-Interpolada,2023,23.4005
A703,Base Pré-Interpolada,2024,19.2835
A703,Base Pré-Interpolada,2025,19.6
A703,ERA5 original,2000,20.4392
A703,ERA5 original,2001,21.5949
A703,ERA5 original,2002,21.6485
A703,ERA5 original,2003,22.3837
A703,ERA5 original,2004,20.1272
A703,ERA5 original,2005,21.4083
A703,ERA5 original,2006,19.0361
A703,ERA5 original,2007,26.5583
A703,ERA5 original,2008,18.4823
A703,ERA5 original,2009,21.3234
A703,ERA5 original,2010,18.9298
A703,ERA5 original,2011,20.4723
A703,ERA5 original,2012,20.0163
A703,ERA5 original,2013,22.115
A703,ERA5 original,2014,21.422
A703,ERA5 original,2015,21.0934
A703,ERA5 original,2016,19.2462
A703,ERA5 original,2017,22.4717
A703,ERA5 original,2018,21.7162
A703,ERA5 original,2019,20.5963
A703,ERA5 original,2020,22.372
A703,ERA5 original,2021,22.3653
A703,ERA5 original,2022,21.3272
A703,ERA5 original,2023,23.4005
A703,ERA5 original,2024,19.2835
A703,ERA5 original,2025,19.5512
A703,INMET (real),2001,16.9
A703,INMET (real),2002,22.3
A703,INMET (real),2003,22.1
A703,INMET (real),2005,17.3
A703,INMET (real),2006,22.6
A703,INMET (real),2007,20.1
A703,INMET (real),2008,17.2
A703,INMET (real),2009,20.2
A703,INMET (real),2010,17.5
A703,INMET (real),2011,19.4
A703,INMET (real),2012,21.3
A703,INMET (real),2013,19.9
A703,INMET (real),2014,20.4
A703,INMET (real),2015,21.7
A703,INMET (real),2016,19.7
A703,INMET (real),2017,18.7
A703,INMET (real),2018,20.0
A703,INMET (real),2019,19.4
A703,INMET (real),2022,20.7
A703,INMET (real),2023,20.8
A703,INMET (real),2024,17.6
A703,INMET (real),2025,19.6
A703,"V2 (IDW p=2, k=15)",2000,20.43919563293457
A703,"V2 (IDW p=2, k=15)",2001,21.594934463500977
A703,"V2 (IDW p=2, k=15)",2002,21.96784782409668
A703,"V2 (IDW p=2, k=15)",2003,22.38372039794922
A703,"V2 (IDW p=2, k=15)",2004,20.127182006835938
A703,"V2 (IDW p=2, k=15)",2005,21.408260345458984
A703,"V2 (IDW p=2, k=15)",2006,22.193836212158203
A703,"V2 (IDW p=2, k=15)",2007,26.559860229492188
A703,"V2 (IDW p=2, k=15)",2008,18.51783943176269
A703,"V2 (IDW p=2, k=15)",2009,21.355642318725582
A703,"V2 (IDW p=2, k=15)",2010,18.960906982421875
A703,"V2 (IDW p=2, k=15)",2011,20.477439880371094
A703,"V2 (IDW p=2, k=15)",2012,21.28423500061035
A703,"V2 (IDW p=2, k=15)",2013,22.12583541870117
A703,"V2 (IDW p=2, k=15)",2014,21.43351936340332
A703,"V2 (IDW p=2, k=15)",2015,21.297195434570312
A703,"V2 (IDW p=2, k=15)",2016,19.667579650878903
A703,"V2 (IDW p=2, k=15)",2017,22.48933219909668
A703,"V2 (IDW p=2, k=15)",2018,21.725202560424805
A703,"V2 (IDW p=2, k=15)",2019,20.621246337890625
A703,"V2 (IDW p=2, k=15)",2020,22.38180351257324
A703,"V2 (IDW p=2, k=15)",2021,22.375511169433597
A703,"V2 (IDW p=2, k=15)",2022,21.32719612121582
A703,"V2 (IDW p=2, k=15)",2023,23.430465698242188
A703,"V2 (IDW p=2, k=15)",2024,19.291160583496094
A703,"V2 (IDW p=2, k=15)",2025,19.565858840942383
A703,"V3 (Gaussiano σ=2.0, k=15)",2000,20.358142852783203
A703,"V3 (Gaussiano σ=2.0, k=15)",2001,21.07497215270996
A703,"V3 (Gaussiano σ=2.0, k=15)",2002,21.56106758117676
A703,"V3 (Gaussiano σ=2.0, k=15)",2003,22.32735061645508
A703,"V3 (Gaussiano σ=2.0, k=15)",2004,20.27971839904785
A703,"V3 (Gaussiano σ=2.0, k=15)",2005,21.35647964477539
A703,"V3 (Gaussiano σ=2.0, k=15)",2006,18.19082260131836
A703,"V3 (Gaussiano σ=2.0, k=15)",2007,24.35374641418457
A703,"V3 (Gaussiano σ=2.0, k=15)",2008,18.782936096191406
A703,"V3 (Gaussiano σ=2.0, k=15)",2009,19.69647026062012
A703,"V3 (Gaussiano σ=2.0, k=15)",2010,19.017358779907227
A703,"V3 (Gaussiano σ=2.0, k=15)",2011,18.839597702026367
A703,"V3 (Gaussiano σ=2.0, k=15)",2012,20.72159767150879
A703,"V3 (Gaussiano σ=2.0, k=15)",2013,19.92548370361328
A703,"V3 (Gaussiano σ=2.0, k=15)",2014,18.533641815185547
A703,"V3 (Gaussiano σ=2.0, k=15)",2015,19.4702262878418
A703,"V3 (Gaussiano σ=2.0, k=15)",2016,18.53975296020508
A703,"V3 (Gaussiano σ=2.0, k=15)",2017,20.7132568359375
A703,"V3 (Gaussiano σ=2.0, k=15)",2018,20.000486373901367
A703,"V3 (Gaussiano σ=2.0, k=15)",2019,19.051055908203125
A703,"V3 (Gaussiano σ=2.0, k=15)",2020,21.709508895874023
A703,"V3 (Gaussiano σ=2.0, k=15)",2021,21.86705017089844
A703,"V3 (Gaussiano σ=2.0, k=15)",2022,20.407995223999023
A703,"V3 (Gaussiano σ=2.0, k=15)",2023,23.11891365051269
A703,"V3 (Gaussiano σ=2.0, k=15)",2024,17.91905975341797
A703,"V3 (Gaussiano σ=2.0, k=15)",2025,19.15039825439453
A741,Base Pré-Interpolada,2008,20.8
A741,Base Pré-Interpolada,2009,23.8
A741,Base Pré-Interpolada,2010,22.7
A741,Base Pré-Interpolada,2011,22.0
A741,Base Pré-Interpolada,2012,23.6
A741,Base Pré-Interpolada,2013,22.2
A741,Base Pré-Interpolada,2014,19.7
A741,Base Pré-Interpolada,2015,20.8
A741,Base Pré-Interpolada,2016,24.7
A741,Base Pré-Interpolada,2017,19.7
A741,Base Pré-Interpolada,2018,23.1
A741,Base Pré-Interpolada,2019,22.6
A741,Base Pré-Interpolada,2020,16.8
A741,Base Pré-Interpolada,2021,17.8367
A741,Base Pré-Interpolada,2022,19.0
A741,Base Pré-Interpolada,2024,18.8
A741,Base Pré-Interpolada,2025,23.4028
A741,ERA5 original,2000,16.0237
A741,ERA5 original,2001,18.8948
A741,ERA5 original,2002,18.1596
A741,ERA5 original,2003,19.208
A741,ERA5 original,2004,19.4615
A741,ERA5 original,2005,16.353
A741,ERA5 original,2006,15.8544
A741,ERA5 original,2007,18.8569
A741,ERA5 original,2008,17.7504
A741,ERA5 original,2009,20.9412
A741,ERA5 original,2010,18.7158
A741,ERA5 original,2011,21.2249
A741,ERA5 original,2012,20.2956
A741,ERA5 original,2013,15.2487
A741,ERA5 original,2014,17.6132
A741,ERA5 original,2015,17.4166
A741,ERA5 original,2016,17.2642
A741,ERA5 original,2017,15.9094
A741,ERA5 original,2018,16.7133
A741,ERA5 original,2019,17.0286
A741,ERA5 original,2020,16.7948
A741,ERA5 original,2021,17.8367
A741,ERA5 original,2022,18.2111
A741,ERA5 original,2023,18.708
A741,ERA5 original,2024,18.3736
A741,ERA5 original,2025,23.4028
A741,INMET (real),2008,20.8
A741,INMET (real),2009,23.8
A741,INMET (real),2010,22.7
A741,INMET (real),2011,22.0
A741,INMET (real),2012,23.6
A741,INMET (real),2013,22.2
A741,INMET (real),2014,19.7
A741,INMET (real),2015,20.8
A741,INMET (real),2016,24.7
A741,INMET (real),2017,19.7
A741,INMET (real),2018,23.1
A741,INMET (real),2019,22.6
A741,INMET (real),2020,16.8
A741,INMET (real),2021,16.8
A741,INMET (real),2022,19.0
A741,INMET (real),2024,18.8
A741,INMET (real),2025,22.7
A741,"V2 (IDW p=2, k=15)",2000,16.02370262145996
A741,"V2 (IDW p=2, k=15)",2001,18.89478302001953
A741,"V2 (IDW p=2, k=15)",2002,18.15964698791504
A741,"V2 (IDW p=2, k=15)",2003,19.20803451538086
A741,"V2 (IDW p=2, k=15)",2004,19.46154022216797
A741,"V2 (IDW p=2, k=15)",2005,16.353012084960938
A741,"V2 (IDW p=2, k=15)",2006,15.88453769683838
A741,"V2 (IDW p=2, k=15)",2007,18.86428451538086
A741,"V2 (IDW p=2, k=15)",2008,20.311511993408203
A741,"V2 (IDW p=2, k=15)",2009,23.39724349975586
A741,"V2 (IDW p=2, k=15)",2010,22.522533416748047
A741,"V2 (IDW p=2, k=15)",2011,21.7003173828125
A741,"V2 (IDW p=2, k=15)",2012,23.37502670288086
A741,"V2 (IDW p=2, k=15)",2013,21.719602584838867
A741,"V2 (IDW p=2, k=15)",2014,19.50282096862793
A741,"V2 (IDW p=2, k=15)",2015,20.41223526000977
A741,"V2 (IDW p=2, k=15)",2016,24.344030380249023
A741,"V2 (IDW p=2, k=15)",2017,19.209423065185547
A741,"V2 (IDW p=2, k=15)",2018,22.421314239501957
A741,"V2 (IDW p=2, k=15)",2019,22.021095275878903
A741,"V2 (IDW p=2, k=15)",2020,16.79815673828125
A741,"V2 (IDW p=2, k=15)",2021,17.84286117553711
A741,"V2 (IDW p=2, k=15)",2022,18.8465633392334
A741,"V2 (IDW p=2, k=15)",2023,18.82277488708496
A741,"V2 (IDW p=2, k=15)",2024,18.737037658691406
A741,"V2 (IDW p=2, k=15)",2025,23.429487228393555
A741,"V3 (Gaussiano σ=2.0, k=15)",2000,15.707106590270996
A741,"V3 (Gaussiano σ=2.0, k=15)",2001,18.37923240661621
A741,"V3 (Gaussiano σ=2.0, k=15)",2002,17.964405059814453
A741,"V3 (Gaussiano σ=2.0, k=15)",2003,18.42823982238769
A741,"V3 (Gaussiano σ=2.0, k=15)",2004,19.34943199157715
A741,"V3 (Gaussiano σ=2.0, k=15)",2005,15.840906143188477
A741,"V3 (Gaussiano σ=2.0, k=15)",2006,15.415995597839355
A741,"V3 (Gaussiano σ=2.0, k=15)",2007,16.981060028076172
A741,"V3 (Gaussiano σ=2.0, k=15)",2008,16.874305725097656
A741,"V3 (Gaussiano σ=2.0, k=15)",2009,17.38361930847168
A741,"V3 (Gaussiano σ=2.0, k=15)",2010,19.949668884277344
A741,"V3 (Gaussiano σ=2.0, k=15)",2011,19.846908569335938
A741,"V3 (Gaussiano σ=2.0, k=15)",2012,18.894929885864254
A741,"V3 (Gaussiano σ=2.0, k=15)",2013,15.012874603271484
A741,"V3 (Gaussiano σ=2.0, k=15)",2014,17.368724822998047
A741,"V3 (Gaussiano σ=2.0, k=15)",2015,17.92279624938965
A741,"V3 (Gaussiano σ=2.0, k=15)",2016,17.57645034790039
A741,"V3 (Gaussiano σ=2.0, k=15)",2017,17.93153190612793
A741,"V3 (Gaussiano σ=2.0, k=15)",2018,17.22713279724121
A741,"V3 (Gaussiano σ=2.0, k=15)",2019,16.617053985595703
A741,"V3 (Gaussiano σ=2.0, k=15)",2020,15.390910148620604
A741,"V3 (Gaussiano σ=2.0, k=15)",2021,16.7005672454834
A741,"V3 (Gaussiano σ=2.0, k=15)",2022,17.07853889465332
A741,"V3 (Gaussiano σ=2.0, k=15)",2023,21.80286407470703
A741,"V3 (Gaussiano σ=2.0, k=15)",2024,16.911706924438477
A741,"V3 (Gaussiano σ=2.0, k=15)",2025,20.4410343170166
A741,"V5 (Kriging Ordinário, Xavier 0.1°)",2000,15.707106590270996
A741,"V5 (Kriging Ordinário, Xavier 0.1°)",2001,18.63799476623535
A741,"V5 (Kriging Ordinário, Xavier 0.1°)",2002,17.964191436767578
A741,"V5 (Kriging Ordinário, Xavier 0.1°)",2003,18.54153633117676
A741,"V5 (Kriging Ordinário, Xavier 0.1°)",2004,19.34984016418457
A741,"V5 (Kriging Ordinário, Xavier 0.1°)",2005,16.02330780029297
A741,"V5 (Kriging Ordinário, Xavier 0.1°)",2006,15.37924575805664
A741,"V5 (Kriging Ordinário, Xavier 0.1°)",2007,18.407649993896484
A741,"V5 (Kriging Ordinário, Xavier 0.1°)",2008,20.567947387695312
A741,"V5 (Kriging Ordinário, Xavier 0.1°)",2009,23.19691467285156
A741,"V5 (Kriging Ordinário, Xavier 0.1°)",2010,22.46236228942871
A741,"V5 (Kriging Ordinário, Xavier 0.1°)",2011,21.964303970336918
A741,"V5 (Kriging Ordinário, Xavier 0.1°)",2012,23.24842834472656
A741,"V5 (Kriging Ordinário, Xavier 0.1°)",2013,21.567501068115234
A741,"V5 (Kriging Ordinário, Xavier 0.1°)",2014,19.46975326538086
A741,"V5 (Kriging Ordinário, Xavier 0.1°)",2015,21.149206161499023
A741,"V5 (Kriging Ordinário, Xavier 0.1°)",2016,24.07442092895508
A741,"V5 (Kriging Ordinário, Xavier 0.1°)",2017,19.0892333984375
A741,"V5 (Kriging Ordinário, Xavier 0.1°)",2018,22.51655578613281
A741,"V5 (Kriging Ordinário, Xavier 0.1°)",2019,22.087343215942383
A741,"V5 (Kriging Ordinário, Xavier 0.1°)",2020,16.573104858398438
A741,"V5 (Kriging Ordinário, Xavier 0.1°)",2021,16.537254333496094
A741,"V5 (Kriging Ordinário, Xavier 0.1°)",2022,18.630935668945312
A741,"V5 (Kriging Ordinário, Xavier 0.1°)",2023,18.41319274902344
A741,"V5 (Kriging Ordinário, Xavier 0.1°)",2024,18.600645065307617
A741,"V5 (Kriging Ordinário, Xavier 0.1°)",2025,22.46436882019043
A830,Base Pré-Interpolada,2007,19.8
A830,Base Pré-Interpolada,2008,24.1
A830,Base Pré-Interpolada,2009,23.5
A830,Base Pré-Interpolada,2010,23.3
A830,Base Pré-Interpolada,2011,22.2
A830,Base Pré-Interpolada,2012,24.8
A830,Base Pré-Interpolada,2013,26.3
A830,Base Pré-Interpolada,2014,30.8
A830,Base Pré-Interpolada,2015,32.0
A830,Base Pré-Interpolada,2016,23.2
A830,Base Pré-Interpolada,2017,31.1
A830,Base Pré-Interpolada,2018,22.3
A830,Base Pré-Interpolada,2019,28.5
A830,Base Pré-Interpolada,2020,26.0
A830,Base Pré-Interpolada,2021,24.1
A830,Base Pré-Interpolada,2022,30.8
A830,Base Pré-Interpolada,2023,29.8
A830,Base Pré-Interpolada,2024,29.9
A830,Base Pré-Interpolada,2025,25.0
A830,ERA5 original,2000,18.2144
A830,ERA5 original,2001,19.9785
A830,ERA5 original,2002,19.6914
A830,ERA5 original,2003,18.0503
A830,ERA5 original,2004,20.9676
A830,ERA5 original,2005,18.6546
A830,ERA5 original,2006,16.4533
A830,ERA5 original,2007,18.1164
A830,ERA5 original,2008,21.0504
A830,ERA5 original,2009,20.5212
A830,ERA5 original,2010,18.5342
A830,ERA5 original,2011,18.0874
A830,ERA5 original,2012,19.6654
A830,ERA5 original,2013,19.4394
A830,ERA5 original,2014,21.1004
A830,ERA5 original,2015,19.8183
A830,ERA5 original,2016,19.7627
A830,ERA5 original,2017,17.8031
A830,ERA5 original,2018,21.2195
A830,ERA5 original,2019,21.5843
A830,ERA5 original,2020,21.3034
A830,ERA5 original,2021,22.5671
A830,ERA5 original,2022,19.8945
A830,ERA5 original,2023,18.3223
A830,ERA5 original,2024,20.0587
A830,ERA5 original,2025,18.9306
A830,INMET (real),2007,19.8
A830,INMET (real),2008,24.1
A830,INMET (real),2009,23.5
A830,INMET (real),2010,23.3
A830,INMET (real),2011,22.2
A830,INMET (real),2012,24.8
A830,INMET (real),2013,26.3
A830,INMET (real),2014,30.8
A830,INMET (real),2015,32.0
A830,INMET (real),2016,23.2
A830,INMET (real),2017,31.1
A830,INMET (real),2018,22.3
A830,INMET (real),2019,28.5
A830,INMET (real),2020,26.0
A830,INMET (real),2021,24.1
A830,INMET (real),2022,30.8
A830,INMET (real),2023,29.8
A830,INMET (real),2024,29.9
A830,INMET (real),2025,25.0
A830,"V2 (IDW p=2, k=15)",2000,18.21438789367676
A830,"V2 (IDW p=2, k=15)",2001,19.97854995727539
A830,"V2 (IDW p=2, k=15)",2002,19.698211669921875
A830,"V2 (IDW p=2, k=15)",2003,18.050277709960938
A830,"V2 (IDW p=2, k=15)",2004,20.97476577758789
A830,"V2 (IDW p=2, k=15)",2005,18.668249130249023
A830,"V2 (IDW p=2, k=15)",2006,16.45355796813965
A830,"V2 (IDW p=2, k=15)",2007,19.557905197143555
A830,"V2 (IDW p=2, k=15)",2008,23.62820816040039
A830,"V2 (IDW p=2, k=15)",2009,23.17797088623047
A830,"V2 (IDW p=2, k=15)",2010,23.021873474121094
A830,"V2 (IDW p=2, k=15)",2011,21.987319946289062
A830,"V2 (IDW p=2, k=15)",2012,24.441722869873047
A830,"V2 (IDW p=2, k=15)",2013,25.89985466003418
A830,"V2 (IDW p=2, k=15)",2014,30.30253028869629
A830,"V2 (IDW p=2, k=15)",2015,31.39923858642578
A830,"V2 (IDW p=2, k=15)",2016,23.329669952392575
A830,"V2 (IDW p=2, k=15)",2017,30.710613250732425
A830,"V2 (IDW p=2, k=15)",2018,21.992084503173828
A830,"V2 (IDW p=2, k=15)",2019,27.992765426635746
A830,"V2 (IDW p=2, k=15)",2020,25.44998550415039
A830,"V2 (IDW p=2, k=15)",2021,23.79348945617676
A830,"V2 (IDW p=2, k=15)",2022,30.09154510498047
A830,"V2 (IDW p=2, k=15)",2023,29.333053588867188
A830,"V2 (IDW p=2, k=15)",2024,29.515323638916016
A830,"V2 (IDW p=2, k=15)",2025,24.45339584350586
A830,"V3 (Gaussiano σ=2.0, k=15)",2000,17.42291831970215
A830,"V3 (Gaussiano σ=2.0, k=15)",2001,19.61055564880371
A830,"V3 (Gaussiano σ=2.0, k=15)",2002,19.735322952270508
A830,"V3 (Gaussiano σ=2.0, k=15)",2003,17.637041091918945
A830,"V3 (Gaussiano σ=2.0, k=15)",2004,20.999591827392575
A830,"V3 (Gaussiano σ=2.0, k=15)",2005,18.849628448486328
A830,"V3 (Gaussiano σ=2.0, k=15)",2006,16.73250961303711
A830,"V3 (Gaussiano σ=2.0, k=15)",2007,17.72834014892578
A830,"V3 (Gaussiano σ=2.0, k=15)",2008,19.30314064025879
A830,"V3 (Gaussiano σ=2.0, k=15)",2009,19.59503555297852
A830,"V3 (Gaussiano σ=2.0, k=15)",2010,18.7757568359375
A830,"V3 (Gaussiano σ=2.0, k=15)",2011,17.506439208984375
A830,"V3 (Gaussiano σ=2.0, k=15)",2012,20.433069229125977
A830,"V3 (Gaussiano σ=2.0, k=15)",2013,21.05750274658203
A830,"V3 (Gaussiano σ=2.0, k=15)",2014,21.03778839111328
A830,"V3 (Gaussiano σ=2.0, k=15)",2015,20.403833389282227
A830,"V3 (Gaussiano σ=2.0, k=15)",2016,24.29755973815918
A830,"V3 (Gaussiano σ=2.0, k=15)",2017,24.12198829650879
A830,"V3 (Gaussiano σ=2.0, k=15)",2018,20.08978080749512
A830,"V3 (Gaussiano σ=2.0, k=15)",2019,20.2448787689209
A830,"V3 (Gaussiano σ=2.0, k=15)",2020,20.641122817993164
A830,"V3 (Gaussiano σ=2.0, k=15)",2021,19.49460220336914
A830,"V3 (Gaussiano σ=2.0, k=15)",2022,20.44209671020508
A830,"V3 (Gaussiano σ=2.0, k=15)",2023,21.395004272460938
A830,"V3 (Gaussiano σ=2.0, k=15)",2024,23.306427001953125
A830,"V3 (Gaussiano σ=2.0, k=15)",2025,18.411556243896484
A830,"V5 (Kriging Ordinário, Xavier 0.1°)",2000,17.364620208740234
A830,"V5 (Kriging Ordinário, Xavier 0.1°)",2001,19.608688354492188
A830,"V5 (Kriging Ordinário, Xavier 0.1°)",2002,19.542259216308597
A830,"V5 (Kriging Ordinário, Xavier 0.1°)",2003,17.636899948120117
A830,"V5 (Kriging Ordinário, Xavier 0.1°)",2004,20.80073928833008
A830,"V5 (Kriging Ordinário, Xavier 0.1°)",2005,18.47031593322754
A830,"V5 (Kriging Ordinário, Xavier 0.1°)",2006,16.71218490600586
A830,"V5 (Kriging Ordinário, Xavier 0.1°)",2007,20.01725196838379
A830,"V5 (Kriging Ordinário, Xavier 0.1°)",2008,24.069765090942383
A830,"V5 (Kriging Ordinário, Xavier 0.1°)",2009,22.89377212524414
A830,"V5 (Kriging Ordinário, Xavier 0.1°)",2010,23.381969451904297
A830,"V5 (Kriging Ordinário, Xavier 0.1°)",2011,22.07522964477539
A830,"V5 (Kriging Ordinário, Xavier 0.1°)",2012,24.623239517211918
A830,"V5 (Kriging Ordinário, Xavier 0.1°)",2013,25.94717025756836
A830,"V5 (Kriging Ordinário, Xavier 0.1°)",2014,30.11783218383789
A830,"V5 (Kriging Ordinário, Xavier 0.1°)",2015,31.24088287353516
A830,"V5 (Kriging Ordinário, Xavier 0.1°)",2016,23.20542907714844
A830,"V5 (Kriging Ordinário, Xavier 0.1°)",2017,30.70319366455078
A830,"V5 (Kriging Ordinário, Xavier 0.1°)",2018,22.63271713256836
A830,"V5 (Kriging Ordinário, Xavier 0.1°)",2019,26.838279724121094
A830,"V5 (Kriging Ordinário, Xavier 0.1°)",2020,25.59765625
A830,"V5 (Kriging Ordinário, Xavier 0.1°)",2021,24.12347221374512
A830,"V5 (Kriging Ordinário, Xavier 0.1°)",2022,30.53952407836914
A830,"V5 (Kriging Ordinário, Xavier 0.1°)",2023,29.331336975097656
A830,"V5 (Kriging Ordinário, Xavier 0.1°)",2024,29.75971984863281
A830,"V5 (Kriging Ordinário, Xavier 0.1°)",2025,24.310455322265625
A834,Base Pré-Interpolada,2008,33.0
A834,Base Pré-Interpolada,2009,36.8
A834,Base Pré-Interpolada,2010,29.4
A834,Base Pré-Interpolada,2011,28.1
A834,Base Pré-Interpolada,2012,24.9
A834,Base Pré-Interpolada,2013,23.6
A834,Base Pré-Interpolada,2014,22.8
A834,Base Pré-Interpolada,2015,26.0152
A834,Base Pré-Interpolada,2016,26.8698
A834,Base Pré-Interpolada,2017,30.6
A834,Base Pré-Interpolada,2018,21.6
A834,Base Pré-Interpolada,2019,23.8
A834,Base Pré-Interpolada,2020,21.8496
A834,Base Pré-Interpolada,2022,18.2
A834,Base Pré-Interpolada,2023,28.3
A834,Base Pré-Interpolada,2024,19.7
A834,Base Pré-Interpolada,2025,25.4
A834,ERA5 original,2000,25.9607
A834,ERA5 original,2001,23.1685
A834,ERA5 original,2002,20.9898
A834,ERA5 original,2003,24.6638
A834,ERA5 original,2004,27.7
A834,ERA5 original,2005,28.7425
A834,ERA5 original,2006,26.3345
A834,ERA5 original,2007,23.5832
A834,ERA5 original,2008,30.4051
A834,ERA5 original,2009,22.5748
A834,ERA5 original,2010,25.1048
A834,ERA5 original,2011,24.0506
A834,ERA5 original,2012,21.8609
A834,ERA5 original,2013,23.0919
A834,ERA5 original,2014,22.1551
A834,ERA5 original,2015,26.0152
A834,ERA5 original,2016,26.8698
A834,ERA5 original,2017,23.5487
A834,ERA5 original,2018,20.9482
A834,ERA5 original,2019,23.5683
A834,ERA5 original,2020,30.5211
A834,ERA5 original,2021,24.2194
A834,ERA5 original,2022,29.6906
A834,ERA5 original,2023,25.6884
A834,ERA5 original,2024,20.2469
A834,ERA5 original,2025,25.0581
A834,INMET (real),2008,33.0
A834,INMET (real),2009,36.8
A834,INMET (real),2010,29.4
A834,INMET (real),2011,28.1
A834,INMET (real),2012,24.9
A834,INMET (real),2013,23.6
A834,INMET (real),2014,22.8
A834,INMET (real),2015,22.5
A834,INMET (real),2016,25.6
A834,INMET (real),2017,30.6
A834,INMET (real),2018,21.6
A834,INMET (real),2019,23.8
A834,INMET (real),2020,21.5
A834,INMET (real),2022,18.2
A834,INMET (real),2023,28.3
A834,INMET (real),2024,19.7
A834,INMET (real),2025,25.4
A834,"V2 (IDW p=2, k=15)",2000,25.960716247558597
A834,"V2 (IDW p=2, k=15)",2001,23.222421646118164
A834,"V2 (IDW p=2, k=15)",2002,20.98977470397949
A834,"V2 (IDW p=2, k=15)",2003,24.663782119750977
A834,"V2 (IDW p=2, k=15)",2004,27.70001792907715
A834,"V2 (IDW p=2, k=15)",2005,28.742454528808597
A834,"V2 (IDW p=2, k=15)",2006,26.37601089477539
A834,"V2 (IDW p=2, k=15)",2007,23.583171844482425
A834,"V2 (IDW p=2, k=15)",2008,32.4600715637207
A834,"V2 (IDW p=2, k=15)",2009,31.468839645385746
A834,"V2 (IDW p=2, k=15)",2010,26.11880874633789
A834,"V2 (IDW p=2, k=15)",2011,26.26855087280273
A834,"V2 (IDW p=2, k=15)",2012,24.177453994750977
A834,"V2 (IDW p=2, k=15)",2013,23.34788703918457
A834,"V2 (IDW p=2, k=15)",2014,22.183670043945312
A834,"V2 (IDW p=2, k=15)",2015,26.03302574157715
A834,"V2 (IDW p=2, k=15)",2016,26.900224685668945
A834,"V2 (IDW p=2, k=15)",2017,27.03913307189941
A834,"V2 (IDW p=2, k=15)",2018,21.105344772338867
A834,"V2 (IDW p=2, k=15)",2019,23.751789093017575
A834,"V2 (IDW p=2, k=15)",2020,30.59046936035156
A834,"V2 (IDW p=2, k=15)",2021,24.291393280029297
A834,"V2 (IDW p=2, k=15)",2022,29.69064140319824
A834,"V2 (IDW p=2, k=15)",2023,27.06845092773437
A834,"V2 (IDW p=2, k=15)",2024,20.24687385559082
A834,"V2 (IDW p=2, k=15)",2025,25.05928611755371
A834,"V3 (Gaussiano σ=2.0, k=15)",2000,26.3992977142334
A834,"V3 (Gaussiano σ=2.0, k=15)",2001,24.06744766235352
A834,"V3 (Gaussiano σ=2.0, k=15)",2002,22.19094657897949
A834,"V3 (Gaussiano σ=2.0, k=15)",2003,24.09729385375977
A834,"V3 (Gaussiano σ=2.0, k=15)",2004,27.521129608154297
A834,"V3 (Gaussiano σ=2.0, k=15)",2005,28.75504302978516
A834,"V3 (Gaussiano σ=2.0, k=15)",2006,26.221391677856445
A834,"V3 (Gaussiano σ=2.0, k=15)",2007,23.113445281982425
A834,"V3 (Gaussiano σ=2.0, k=15)",2008,30.83673667907715
A834,"V3 (Gaussiano σ=2.0, k=15)",2009,23.23897171020508
A834,"V3 (Gaussiano σ=2.0, k=15)",2010,24.86886978149414
A834,"V3 (Gaussiano σ=2.0, k=15)",2011,26.3718376159668
A834,"V3 (Gaussiano σ=2.0, k=15)",2012,21.847156524658203
A834,"V3 (Gaussiano σ=2.0, k=15)",2013,23.687944412231445
A834,"V3 (Gaussiano σ=2.0, k=15)",2014,21.372989654541016
A834,"V3 (Gaussiano σ=2.0, k=15)",2015,24.16548728942871
A834,"V3 (Gaussiano σ=2.0, k=15)",2016,26.05195999145508
A834,"V3 (Gaussiano σ=2.0, k=15)",2017,22.960145950317383
A834,"V3 (Gaussiano σ=2.0, k=15)",2018,20.51706314086914
A834,"V3 (Gaussiano σ=2.0, k=15)",2019,23.924013137817383
A834,"V3 (Gaussiano σ=2.0, k=15)",2020,30.588319778442383
A834,"V3 (Gaussiano σ=2.0, k=15)",2021,24.157602310180664
A834,"V3 (Gaussiano σ=2.0, k=15)",2022,28.07274436950684
A834,"V3 (Gaussiano σ=2.0, k=15)",2023,26.136550903320312
A834,"V3 (Gaussiano σ=2.0, k=15)",2024,20.30391311645508
A834,"V3 (Gaussiano σ=2.0, k=15)",2025,25.46566390991211
A836,Base Pré-Interpolada,2007,23.6
A836,Base Pré-Interpolada,2008,23.5
A836,Base Pré-Interpolada,2009,30.4
A836,Base Pré-Interpolada,2010,25.1
A836,Base Pré-Interpolada,2011,27.7
A836,Base Pré-Interpolada,2012,26.5
A836,Base Pré-Interpolada,2013,26.8
A836,Base Pré-Interpolada,2014,29.3
A836,Base Pré-Interpolada,2015,32.0
A836,Base Pré-Interpolada,2016,26.1
A836,Base Pré-Interpolada,2017,22.7
A836,Base Pré-Interpolada,2018,31.0
A836,Base Pré-Interpolada,2019,22.5
A836,Base Pré-Interpolada,2020,26.8
A836,Base Pré-Interpolada,2021,19.8
A836,Base Pré-Interpolada,2022,23.4349
A836,Base Pré-Interpolada,2023,23.0
A836,Base Pré-Interpolada,2024,34.7
A836,Base Pré-Interpolada,2025,28.8
A836,ERA5 original,2000,24.7523
A836,ERA5 original,2001,22.7252
A836,ERA5 original,2002,22.5493
A836,ERA5 original,2003,19.9969
A836,ERA5 original,2004,21.6551
A836,ERA5 original,2005,19.6284
A836,ERA5 original,2006,18.1299
A836,ERA5 original,2007,18.8036
A836,ERA5 original,2008,20.2226
A836,ERA5 original,2009,18.8737
A836,ERA5 original,2010,23.107
A836,ERA5 original,2011,22.4244
A836,ERA5 original,2012,22.6666
A836,ERA5 original,2013,18.4577
A836,ERA5 original,2014,19.4687
A836,ERA5 original,2015,16.8817
A836,ERA5 original,2016,25.6893
A836,ERA5 original,2017,20.9728
A836,ERA5 original,2018,18.9983
A836,ERA5 original,2019,20.4624
A836,ERA5 original,2020,26.8
A836,ERA5 original,2021,21.8846
A836,ERA5 original,2022,23.4349
A836,ERA5 original,2023,19.6136
A836,ERA5 original,2024,24.3217
A836,ERA5 original,2025,19.8873
A836,INMET (real),2007,23.6
A836,INMET (real),2008,23.5
A836,INMET (real),2009,30.4
A836,INMET (real),2010,25.1
A836,INMET (real),2011,27.7
A836,INMET (real),2012,26.5
A836,INMET (real),2013,26.8
A836,INMET (real),2014,29.3
A836,INMET (real),2015,32.0
A836,INMET (real),2016,26.1
A836,INMET (real),2017,22.7
A836,INMET (real),2018,31.0
A836,INMET (real),2019,22.5
A836,INMET (real),2020,24.4
A836,INMET (real),2021,19.8
A836,INMET (real),2022,16.4
A836,INMET (real),2023,23.0
A836,INMET (real),2024,34.7
A836,INMET (real),2025,28.8
A836,"V2 (IDW p=2, k=15)",2000,24.752275466918945
A836,"V2 (IDW p=2, k=15)",2001,22.725170135498047
A836,"V2 (IDW p=2, k=15)",2002,22.54927444458008
A836,"V2 (IDW p=2, k=15)",2003,20.001821517944336
A836,"V2 (IDW p=2, k=15)",2004,21.65512084960937
A836,"V2 (IDW p=2, k=15)",2005,19.63288307189941
A836,"V2 (IDW p=2, k=15)",2006,18.137062072753903
A836,"V2 (IDW p=2, k=15)",2007,22.36616516113281
A836,"V2 (IDW p=2, k=15)",2008,22.31639862060547
A836,"V2 (IDW p=2, k=15)",2009,28.469993591308597
A836,"V2 (IDW p=2, k=15)",2010,24.86907958984375
A836,"V2 (IDW p=2, k=15)",2011,25.784351348876957
A836,"V2 (IDW p=2, k=15)",2012,26.159542083740234
A836,"V2 (IDW p=2, k=15)",2013,25.809860229492188
A836,"V2 (IDW p=2, k=15)",2014,27.509483337402344
A836,"V2 (IDW p=2, k=15)",2015,29.80097007751465
A836,"V2 (IDW p=2, k=15)",2016,25.71116828918457
A836,"V2 (IDW p=2, k=15)",2017,22.47916412353516
A836,"V2 (IDW p=2, k=15)",2018,29.239465713500977
A836,"V2 (IDW p=2, k=15)",2019,22.28217315673828
A836,"V2 (IDW p=2, k=15)",2020,26.801088333129883
A836,"V2 (IDW p=2, k=15)",2021,21.884580612182617
A836,"V2 (IDW p=2, k=15)",2022,23.434890747070312
A836,"V2 (IDW p=2, k=15)",2023,21.852895736694336
A836,"V2 (IDW p=2, k=15)",2024,32.96956253051758
A836,"V2 (IDW p=2, k=15)",2025,27.27232360839844
A836,"V3 (Gaussiano σ=2.0, k=15)",2000,25.224729537963867
A836,"V3 (Gaussiano σ=2.0, k=15)",2001,24.20652961730957
A836,"V3 (Gaussiano σ=2.0, k=15)",2002,23.35959815979004
A836,"V3 (Gaussiano σ=2.0, k=15)",2003,20.52530288696289
A836,"V3 (Gaussiano σ=2.0, k=15)",2004,22.48334312438965
A836,"V3 (Gaussiano σ=2.0, k=15)",2005,21.030990600585938
A836,"V3 (Gaussiano σ=2.0, k=15)",2006,19.72180938720703
A836,"V3 (Gaussiano σ=2.0, k=15)",2007,19.875646591186523
A836,"V3 (Gaussiano σ=2.0, k=15)",2008,22.15627861022949
A836,"V3 (Gaussiano σ=2.0, k=15)",2009,19.945178985595703
A836,"V3 (Gaussiano σ=2.0, k=15)",2010,24.195287704467773
A836,"V3 (Gaussiano σ=2.0, k=15)",2011,22.2415771484375
A836,"V3 (Gaussiano σ=2.0, k=15)",2012,25.30702018737793
A836,"V3 (Gaussiano σ=2.0, k=15)",2013,19.114147186279297
A836,"V3 (Gaussiano σ=2.0, k=15)",2014,20.14405632019043
A836,"V3 (Gaussiano σ=2.0, k=15)",2015,17.23223876953125
A836,"V3 (Gaussiano σ=2.0, k=15)",2016,26.830060958862305
A836,"V3 (Gaussiano σ=2.0, k=15)",2017,22.444242477416992
A836,"V3 (Gaussiano σ=2.0, k=15)",2018,19.697603225708008
A836,"V3 (Gaussiano σ=2.0, k=15)",2019,20.42819595336914
A836,"V3 (Gaussiano σ=2.0, k=15)",2020,25.539405822753903
A836,"V3 (Gaussiano σ=2.0, k=15)",2021,22.768877029418945
A836,"V3 (Gaussiano σ=2.0, k=15)",2022,22.222023010253903
A836,"V3 (Gaussiano σ=2.0, k=15)",2023,20.086875915527344
A836,"V3 (Gaussiano σ=2.0, k=15)",2024,23.72817611694336
A836,"V3 (Gaussiano σ=2.0, k=15)",2025,19.725908279418945
A836,"V5 (Kriging Ordinário, Xavier 0.1°)",2000,25.224727630615234
A836,"V5 (Kriging Ordinário, Xavier 0.1°)",2001,24.20548820495605
A836,"V5 (Kriging Ordinário, Xavier 0.1°)",2002,23.43120574951172
A836,"V5 (Kriging Ordinário, Xavier 0.1°)",2003,20.52523803710937
A836,"V5 (Kriging Ordinário, Xavier 0.1°)",2004,22.518882751464844
A836,"V5 (Kriging Ordinário, Xavier 0.1°)",2005,21.12640380859375
A836,"V5 (Kriging Ordinário, Xavier 0.1°)",2006,19.94485855102539
A836,"V5 (Kriging Ordinário, Xavier 0.1°)",2007,24.43951797485352
A836,"V5 (Kriging Ordinário, Xavier 0.1°)",2008,24.15019989013672
A836,"V5 (Kriging Ordinário, Xavier 0.1°)",2009,30.953392028808597
A836,"V5 (Kriging Ordinário, Xavier 0.1°)",2010,25.711212158203125
A836,"V5 (Kriging Ordinário, Xavier 0.1°)",2011,27.643634796142575
A836,"V5 (Kriging Ordinário, Xavier 0.1°)",2012,28.26962280273437
A836,"V5 (Kriging Ordinário, Xavier 0.1°)",2013,27.079151153564453
A836,"V5 (Kriging Ordinário, Xavier 0.1°)",2014,28.59041976928711
A836,"V5 (Kriging Ordinário, Xavier 0.1°)",2015,31.27041244506836
A836,"V5 (Kriging Ordinário, Xavier 0.1°)",2016,26.92238998413086
A836,"V5 (Kriging Ordinário, Xavier 0.1°)",2017,22.80915069580078
A836,"V5 (Kriging Ordinário, Xavier 0.1°)",2018,30.97544479370117
A836,"V5 (Kriging Ordinário, Xavier 0.1°)",2019,22.16691780090332
A836,"V5 (Kriging Ordinário, Xavier 0.1°)",2020,25.18928337097168
A836,"V5 (Kriging Ordinário, Xavier 0.1°)",2021,23.15534210205078
A836,"V5 (Kriging Ordinário, Xavier 0.1°)",2022,16.852779388427734
A836,"V5 (Kriging Ordinário, Xavier 0.1°)",2023,24.28379440307617
A836,"V5 (Kriging Ordinário, Xavier 0.1°)",2024,35.472503662109375
A836,"V5 (Kriging Ordinário, Xavier 0.1°)",2025,28.344482421875
A841,Base Pré-Interpolada,2007,25.0
A841,Base Pré-Interpolada,2008,22.1
A841,Base Pré-Interpolada,2009,24.0
A841,Base Pré-Interpolada,2010,23.9
A841,Base Pré-Interpolada,2011,28.2
A841,Base Pré-Interpolada,2012,25.3
A841,Base Pré-Interpolada,2013,25.6
A841,Base Pré-Interpolada,2014,27.9
A841,Base Pré-Interpolada,2015,26.7
A841,Base Pré-Interpolada,2016,23.5
A841,Base Pré-Interpolada,2017,25.5
A841,Base Pré-Interpolada,2018,25.3
A841,Base Pré-Interpolada,2019,19.9
A841,Base Pré-Interpolada,2020,30.4
A841,Base Pré-Interpolada,2021,23.6
A841,Base Pré-Interpolada,2022,25.9
A841,Base Pré-Interpolada,2023,29.8
A841,Base Pré-Interpolada,2024,25.0
A841,Base Pré-Interpolada,2025,15.9
A841,ERA5 original,2000,19.6686
A841,ERA5 original,2001,19.7515
A841,ERA5 original,2002,21.8438
A841,ERA5 original,2003,21.376
A841,ERA5 original,2004,18.7091
A841,ERA5 original,2005,19.8714
A841,ERA5 original,2006,19.0347
A841,ERA5 original,2007,18.5578
A841,ERA5 original,2008,17.914
A841,ERA5 original,2009,18.8011
A841,ERA5 original,2010,19.9455
A841,ERA5 original,2011,17.9734
A841,ERA5 original,2012,19.967
A841,ERA5 original,2013,21.3181
A841,ERA5 original,2014,19.5497
A841,ERA5 original,2015,23.0099
A841,ERA5 original,2016,22.029
A841,ERA5 original,2017,20.7216
A841,ERA5 original,2018,19.1124
A841,ERA5 original,2019,17.9706
A841,ERA5 original,2020,20.9496
A841,ERA5 original,2021,19.8349
A841,ERA5 original,2022,20.6599
A841,ERA5 original,2023,22.9141
A841,ERA5 original,2024,20.6139
A841,ERA5 original,2025,21.0542
A841,INMET (real),2007,25.0
A841,INMET (real),2008,22.1
A841,INMET (real),2009,24.0
A841,INMET (real),2010,23.9
A841,INMET (real),2011,28.2
A841,INMET (real),2012,25.3
A841,INMET (real),2013,25.6
A841,INMET (real),2014,27.9
A841,INMET (real),2015,26.7
A841,INMET (real),2016,23.5
A841,INMET (real),2017,25.5
A841,INMET (real),2018,25.3
A841,INMET (real),2019,19.9
A841,INMET (real),2020,30.4
A841,INMET (real),2021,23.6
A841,INMET (real),2022,25.9
A841,INMET (real),2023,29.8
A841,INMET (real),2024,25.0
A841,INMET (real),2025,15.9
A841,"V2 (IDW p=2, k=15)",2000,19.668624877929688
A841,"V2 (IDW p=2, k=15)",2001,19.7514762878418
A841,"V2 (IDW p=2, k=15)",2002,21.84377670288086
A841,"V2 (IDW p=2, k=15)",2003,21.3759765625
A841,"V2 (IDW p=2, k=15)",2004,18.709081649780277
A841,"V2 (IDW p=2, k=15)",2005,19.871437072753903
A841,"V2 (IDW p=2, k=15)",2006,19.0346736907959
A841,"V2 (IDW p=2, k=15)",2007,23.07851791381836
A841,"V2 (IDW p=2, k=15)",2008,19.90948486328125
A841,"V2 (IDW p=2, k=15)",2009,21.529067993164062
A841,"V2 (IDW p=2, k=15)",2010,22.60107040405273
A841,"V2 (IDW p=2, k=15)",2011,25.13143539428711
A841,"V2 (IDW p=2, k=15)",2012,24.059141159057617
A841,"V2 (IDW p=2, k=15)",2013,22.86086654663086
A841,"V2 (IDW p=2, k=15)",2014,25.65703392028809
A841,"V2 (IDW p=2, k=15)",2015,24.651704788208008
A841,"V2 (IDW p=2, k=15)",2016,22.032398223876957
A841,"V2 (IDW p=2, k=15)",2017,24.44419479370117
A841,"V2 (IDW p=2, k=15)",2018,22.90848159790039
A841,"V2 (IDW p=2, k=15)",2019,18.15072250366211
A841,"V2 (IDW p=2, k=15)",2020,29.426607131958008
A841,"V2 (IDW p=2, k=15)",2021,22.59740829467773
A841,"V2 (IDW p=2, k=15)",2022,23.98537254333496
A841,"V2 (IDW p=2, k=15)",2023,27.19592666625977
A841,"V2 (IDW p=2, k=15)",2024,23.16555595397949
A841,"V2 (IDW p=2, k=15)",2025,21.079486846923828
A841,"V3 (Gaussiano σ=2.0, k=15)",2000,20.254343032836918
A841,"V3 (Gaussiano σ=2.0, k=15)",2001,20.191560745239254
A841,"V3 (Gaussiano σ=2.0, k=15)",2002,22.40990447998047
A841,"V3 (Gaussiano σ=2.0, k=15)",2003,20.5053825378418
A841,"V3 (Gaussiano σ=2.0, k=15)",2004,18.65132713317871
A841,"V3 (Gaussiano σ=2.0, k=15)",2005,20.37032699584961
A841,"V3 (Gaussiano σ=2.0, k=15)",2006,19.1723690032959
A841,"V3 (Gaussiano σ=2.0, k=15)",2007,19.654497146606445
A841,"V3 (Gaussiano σ=2.0, k=15)",2008,17.79234504699707
A841,"V3 (Gaussiano σ=2.0, k=15)",2009,21.60358047485352
A841,"V3 (Gaussiano σ=2.0, k=15)",2010,18.74576568603516
A841,"V3 (Gaussiano σ=2.0, k=15)",2011,17.967573165893555
A841,"V3 (Gaussiano σ=2.0, k=15)",2012,20.634252548217773
A841,"V3 (Gaussiano σ=2.0, k=15)",2013,19.46137809753418
A841,"V3 (Gaussiano σ=2.0, k=15)",2014,22.09879493713379
A841,"V3 (Gaussiano σ=2.0, k=15)",2015,21.018186569213867
A841,"V3 (Gaussiano σ=2.0, k=15)",2016,20.070011138916016
A841,"V3 (Gaussiano σ=2.0, k=15)",2017,19.466421127319336
A841,"V3 (Gaussiano σ=2.0, k=15)",2018,18.25463104248047
A841,"V3 (Gaussiano σ=2.0, k=15)",2019,16.984514236450195
A841,"V3 (Gaussiano σ=2.0, k=15)",2020,24.802228927612305
A841,"V3 (Gaussiano σ=2.0, k=15)",2021,16.59695053100586
A841,"V3 (Gaussiano σ=2.0, k=15)",2022,17.81745719909668
A841,"V3 (Gaussiano σ=2.0, k=15)",2023,19.947895050048828
A841,"V3 (Gaussiano σ=2.0, k=15)",2024,20.416757583618164
A841,"V3 (Gaussiano σ=2.0, k=15)",2025,19.462553024291992
A841,"V5 (Kriging Ordinário, Xavier 0.1°)",2000,20.254302978515625
A841,"V5 (Kriging Ordinário, Xavier 0.1°)",2001,20.19161605834961
A841,"V5 (Kriging Ordinário, Xavier 0.1°)",2002,22.40926742553711
A841,"V5 (Kriging Ordinário, Xavier 0.1°)",2003,20.503925323486328
A841,"V5 (Kriging Ordinário, Xavier 0.1°)",2004,18.65127944946289
A841,"V5 (Kriging Ordinário, Xavier 0.1°)",2005,20.370912551879883
A841,"V5 (Kriging Ordinário, Xavier 0.1°)",2006,19.17326545715332
A841,"V5 (Kriging Ordinário, Xavier 0.1°)",2007,25.143218994140625
A841,"V5 (Kriging Ordinário, Xavier 0.1°)",2008,22.01956558227539
A841,"V5 (Kriging Ordinário, Xavier 0.1°)",2009,23.14899444580078
A841,"V5 (Kriging Ordinário, Xavier 0.1°)",2010,23.94022750854492
A841,"V5 (Kriging Ordinário, Xavier 0.1°)",2011,27.05177879333496
A841,"V5 (Kriging Ordinário, Xavier 0.1°)",2012,25.01061248779297
A841,"V5 (Kriging Ordinário, Xavier 0.1°)",2013,25.00450897216797
A841,"V5 (Kriging Ordinário, Xavier 0.1°)",2014,27.448457717895508
A841,"V5 (Kriging Ordinário, Xavier 0.1°)",2015,26.478412628173828
A841,"V5 (Kriging Ordinário, Xavier 0.1°)",2016,23.81409072875977
A841,"V5 (Kriging Ordinário, Xavier 0.1°)",2017,26.951499938964844
A841,"V5 (Kriging Ordinário, Xavier 0.1°)",2018,25.02762985229492
A841,"V5 (Kriging Ordinário, Xavier 0.1°)",2019,19.377485275268555
A841,"V5 (Kriging Ordinário, Xavier 0.1°)",2020,30.934226989746094
A841,"V5 (Kriging Ordinário, Xavier 0.1°)",2021,23.19247055053711
A841,"V5 (Kriging Ordinário, Xavier 0.1°)",2022,26.742420196533203
A841,"V5 (Kriging Ordinário, Xavier 0.1°)",2023,30.223119735717773
A841,"V5 (Kriging Ordinário, Xavier 0.1°)",2024,24.71113586425781
A841,"V5 (Kriging Ordinário, Xavier 0.1°)",2025,22.54655647277832
A846,Base Pré-Interpolada,2008,24.8
A846,Base Pré-Interpolada,2009,24.5
A846,Base Pré-Interpolada,2010,21.9
A846,Base Pré-Interpolada,2011,22.3
A846,Base Pré-Interpolada,2012,29.8
A846,Base Pré-Interpolada,2013,23.9
A846,Base Pré-Interpolada,2014,32.3
A846,Base Pré-Interpolada,2015,25.0
A846,Base Pré-Interpolada,2016,24.1
A846,Base Pré-Interpolada,2017,25.2
A846,Base Pré-Interpolada,2018,28.5
A846,Base Pré-Interpolada,2019,25.5
A846,Base Pré-Interpolada,2020,24.4
A846,Base Pré-Interpolada,2021,26.5
A846,Base Pré-Interpolada,2022,25.1
A846,Base Pré-Interpolada,2023,26.6
A846,Base Pré-Interpolada,2024,27.1
A846,Base Pré-Interpolada,2025,29.5
A846,ERA5 original,2000,20.6753
A846,ERA5 original,2001,16.7254
A846,ERA5 original,2002,19.2835
A846,ERA5 original,2003,20.578
A846,ERA5 original,2004,19.0881
A846,ERA5 original,2005,17.2548
A846,ERA5 original,2006,15.7705
A846,ERA5 original,2007,16.9458
A846,ERA5 original,2008,17.2886
A846,ERA5 original,2009,19.2414
A846,ERA5 original,2010,16.7362
A846,ERA5 original,2011,16.2112
A846,ERA5 original,2012,19.6302
A846,ERA5 original,2013,18.9011
A846,ERA5 original,2014,19.5034
A846,ERA5 original,2015,19.8751
A846,ERA5 original,2016,19.6332
A846,ERA5 original,2017,21.6772
A846,ERA5 original,2018,18.3803
A846,ERA5 original,2019,20.2701
A846,ERA5 original,2020,18.7733
A846,ERA5 original,2021,16.7992
A846,ERA5 original,2022,17.914
A846,ERA5 original,2023,17.7243
A846,ERA5 original,2024,17.9147
A846,ERA5 original,2025,20.4343
A846,INMET (real),2008,24.8
A846,INMET (real),2009,24.5
A846,INMET (real),2010,21.9
A846,INMET (real),2011,22.3
A846,INMET (real),2012,29.8
A846,INMET (real),2013,23.9
A846,INMET (real),2014,32.3
A846,INMET (real),2015,25.0
A846,INMET (real),2016,24.1
A846,INMET (real),2017,25.2
A846,INMET (real),2018,28.5
A846,INMET (real),2019,25.5
A846,INMET (real),2020,24.4
A846,INMET (real),2021,26.5
A846,INMET (real),2022,25.1
A846,INMET (real),2023,26.6
A846,INMET (real),2024,27.1
A846,INMET (real),2025,29.5
A846,"V2 (IDW p=2, k=15)",2000,20.67526626586914
A846,"V2 (IDW p=2, k=15)",2001,16.725433349609375
A846,"V2 (IDW p=2, k=15)",2002,19.283462524414062
A846,"V2 (IDW p=2, k=15)",2003,20.57801818847656
A846,"V2 (IDW p=2, k=15)",2004,19.08807182312012
A846,"V2 (IDW p=2, k=15)",2005,17.25482940673828
A846,"V2 (IDW p=2, k=15)",2006,15.787569046020508
A846,"V2 (IDW p=2, k=15)",2007,17.032682418823242
A846,"V2 (IDW p=2, k=15)",2008,24.108997344970703
A846,"V2 (IDW p=2, k=15)",2009,24.486196517944336
A846,"V2 (IDW p=2, k=15)",2010,21.37359619140625
A846,"V2 (IDW p=2, k=15)",2011,22.04737091064453
A846,"V2 (IDW p=2, k=15)",2012,29.168140411376957
A846,"V2 (IDW p=2, k=15)",2013,23.34284210205078
A846,"V2 (IDW p=2, k=15)",2014,31.015159606933597
A846,"V2 (IDW p=2, k=15)",2015,24.407115936279297
A846,"V2 (IDW p=2, k=15)",2016,23.475887298583984
A846,"V2 (IDW p=2, k=15)",2017,24.718774795532227
A846,"V2 (IDW p=2, k=15)",2018,27.763843536376957
A846,"V2 (IDW p=2, k=15)",2019,24.93172836303711
A846,"V2 (IDW p=2, k=15)",2020,23.94662094116211
A846,"V2 (IDW p=2, k=15)",2021,25.73369789123535
A846,"V2 (IDW p=2, k=15)",2022,24.222827911376957
A846,"V2 (IDW p=2, k=15)",2023,25.99047088623047
A846,"V2 (IDW p=2, k=15)",2024,26.23399353027344
A846,"V2 (IDW p=2, k=15)",2025,28.142765045166016
A846,"V3 (Gaussiano σ=2.0, k=15)",2000,21.29557609558105
A846,"V3 (Gaussiano σ=2.0, k=15)",2001,17.239885330200195
A846,"V3 (Gaussiano σ=2.0, k=15)",2002,19.687419891357425
A846,"V3 (Gaussiano σ=2.0, k=15)",2003,20.72715950012207
A846,"V3 (Gaussiano σ=2.0, k=15)",2004,20.101844787597656
A846,"V3 (Gaussiano σ=2.0, k=15)",2005,17.1585750579834
A846,"V3 (Gaussiano σ=2.0, k=15)",2006,15.751741409301758
A846,"V3 (Gaussiano σ=2.0, k=15)",2007,17.38763427734375
A846,"V3 (Gaussiano σ=2.0, k=15)",2008,16.24678611755371
A846,"V3 (Gaussiano σ=2.0, k=15)",2009,22.623411178588867
A846,"V3 (Gaussiano σ=2.0, k=15)",2010,18.340763092041016
A846,"V3 (Gaussiano σ=2.0, k=15)",2011,20.052387237548828
A846,"V3 (Gaussiano σ=2.0, k=15)",2012,20.448116302490234
A846,"V3 (Gaussiano σ=2.0, k=15)",2013,18.96456718444824
A846,"V3 (Gaussiano σ=2.0, k=15)",2014,19.982786178588867
A846,"V3 (Gaussiano σ=2.0, k=15)",2015,20.868167877197266
A846,"V3 (Gaussiano σ=2.0, k=15)",2016,17.774972915649414
A846,"V3 (Gaussiano σ=2.0, k=15)",2017,22.139026641845703
A846,"V3 (Gaussiano σ=2.0, k=15)",2018,18.644237518310547
A846,"V3 (Gaussiano σ=2.0, k=15)",2019,18.96818733215332
A846,"V3 (Gaussiano σ=2.0, k=15)",2020,20.429981231689453
A846,"V3 (Gaussiano σ=2.0, k=15)",2021,16.655847549438477
A846,"V3 (Gaussiano σ=2.0, k=15)",2022,17.221025466918945
A846,"V3 (Gaussiano σ=2.0, k=15)",2023,19.269914627075195
A846,"V3 (Gaussiano σ=2.0, k=15)",2024,18.593530654907227
A846,"V3 (Gaussiano σ=2.0, k=15)",2025,21.66178321838379
A846,"V5 (Kriging Ordinário, Xavier 0.1°)",2000,21.29598045349121
A846,"V5 (Kriging Ordinário, Xavier 0.1°)",2001,17.24016571044922
A846,"V5 (Kriging Ordinário, Xavier 0.1°)",2002,19.678926467895508
A846,"V5 (Kriging Ordinário, Xavier 0.1°)",2003,20.72408676147461
A846,"V5 (Kriging Ordinário, Xavier 0.1°)",2004,20.105037689208984
A846,"V5 (Kriging Ordinário, Xavier 0.1°)",2005,17.054025650024414
A846,"V5 (Kriging Ordinário, Xavier 0.1°)",2006,15.734195709228516
A846,"V5 (Kriging Ordinário, Xavier 0.1°)",2007,16.384912490844727
A846,"V5 (Kriging Ordinário, Xavier 0.1°)",2008,24.799070358276367
A846,"V5 (Kriging Ordinário, Xavier 0.1°)",2009,23.966285705566406
A846,"V5 (Kriging Ordinário, Xavier 0.1°)",2010,21.290000915527344
A846,"V5 (Kriging Ordinário, Xavier 0.1°)",2011,24.12682342529297
A846,"V5 (Kriging Ordinário, Xavier 0.1°)",2012,31.007417678833008
A846,"V5 (Kriging Ordinário, Xavier 0.1°)",2013,23.675556182861328
A846,"V5 (Kriging Ordinário, Xavier 0.1°)",2014,30.66326713562012
A846,"V5 (Kriging Ordinário, Xavier 0.1°)",2015,24.514101028442383
A846,"V5 (Kriging Ordinário, Xavier 0.1°)",2016,24.57068252563477
A846,"V5 (Kriging Ordinário, Xavier 0.1°)",2017,25.039283752441406
A846,"V5 (Kriging Ordinário, Xavier 0.1°)",2018,27.77524185180664
A846,"V5 (Kriging Ordinário, Xavier 0.1°)",2019,24.99663543701172
A846,"V5 (Kriging Ordinário, Xavier 0.1°)",2020,23.8388614654541
A846,"V5 (Kriging Ordinário, Xavier 0.1°)",2021,26.31523895263672
A846,"V5 (Kriging Ordinário, Xavier 0.1°)",2022,23.731143951416016
A846,"V5 (Kriging Ordinário, Xavier 0.1°)",2023,26.41668701171875
A846,"V5 (Kriging Ordinário, Xavier 0.1°)",2024,26.094993591308597
A846,"V5 (Kriging Ordinário, Xavier 0.1°)",2025,28.01668357849121
A847,Base Pré-Interpolada,2007,18.7
A847,Base Pré-Interpolada,2008,22.8466
A847,Base Pré-Interpolada,2009,24.9
A847,Base Pré-Interpolada,2010,22.2
A847,Base Pré-Interpolada,2011,23.8
A847,Base Pré-Interpolada,2012,26.0
A847,Base Pré-Interpolada,2013,20.7
A847,Base Pré-Interpolada,2014,20.8021
A847,Base Pré-Interpolada,2015,19.4
A847,Base Pré-Interpolada,2016,24.3
A847,Base Pré-Interpolada,2017,35.7
A847,Base Pré-Interpolada,2018,23.1
A847,ERA5 original,2000,18.7277
A847,ERA5 original,2001,16.2128
A847,ERA5 original,2002,18.4837
A847,ERA5 original,2003,18.2668
A847,ERA5 original,2004,17.7596
A847,ERA5 original,2005,23.0852
A847,ERA5 original,2006,18.3594
A847,ERA5 original,2007,17.9778
A847,ERA5 original,2008,22.8466
A847,ERA5 original,2009,17.6338
A847,ERA5 original,2010,17.4071
A847,ERA5 original,2011,17.5215
A847,ERA5 original,2012,17.6347
A847,ERA5 original,2013,17.9738
A847,ERA5 original,2014,20.8021
A847,ERA5 original,2015,17.3984
A847,ERA5 original,2016,19.7559
A847,ERA5 original,2017,17.4463
A847,ERA5 original,2018,16.0268
A847,ERA5 original,2019,17.4767
A847,ERA5 original,2020,18.8085
A847,ERA5 original,2021,16.429
A847,ERA5 original,2022,21.9314
A847,ERA5 original,2023,18.1043
A847,ERA5 original,2024,17.5892
A847,ERA5 original,2025,19.7393
A847,INMET (real),2007,18.7
A847,INMET (real),2008,22.7
A847,INMET (real),2009,24.9
A847,INMET (real),2010,22.2
A847,INMET (real),2011,23.8
A847,INMET (real),2012,26.0
A847,INMET (real),2013,20.7
A847,INMET (real),2014,20.0
A847,INMET (real),2015,19.4
A847,INMET (real),2016,24.3
A847,INMET (real),2017,35.7
A847,INMET (real),2018,23.1
A847,"V2 (IDW p=2, k=15)",2000,18.72766494750977
A847,"V2 (IDW p=2, k=15)",2001,16.21276092529297
A847,"V2 (IDW p=2, k=15)",2002,18.48369598388672
A847,"V2 (IDW p=2, k=15)",2003,18.266830444335938
A847,"V2 (IDW p=2, k=15)",2004,17.75959014892578
A847,"V2 (IDW p=2, k=15)",2005,23.08523941040039
A847,"V2 (IDW p=2, k=15)",2006,18.372051239013672
A847,"V2 (IDW p=2, k=15)",2007,17.984670639038086
A847,"V2 (IDW p=2, k=15)",2008,22.89006996154785
A847,"V2 (IDW p=2, k=15)",2009,23.862075805664062
A847,"V2 (IDW p=2, k=15)",2010,20.959217071533203
A847,"V2 (IDW p=2, k=15)",2011,23.097246170043945
A847,"V2 (IDW p=2, k=15)",2012,24.570720672607425
A847,"V2 (IDW p=2, k=15)",2013,19.846046447753903
A847,"V2 (IDW p=2, k=15)",2014,20.8021297454834
A847,"V2 (IDW p=2, k=15)",2015,18.8481388092041
A847,"V2 (IDW p=2, k=15)",2016,22.980228424072266
A847,"V2 (IDW p=2, k=15)",2017,34.011940002441406
A847,"V2 (IDW p=2, k=15)",2018,22.14414405822754
A847,"V2 (IDW p=2, k=15)",2019,17.50274658203125
A847,"V2 (IDW p=2, k=15)",2020,18.84765625
A847,"V2 (IDW p=2, k=15)",2021,16.437280654907227
A847,"V2 (IDW p=2, k=15)",2022,21.93136978149414
A847,"V2 (IDW p=2, k=15)",2023,18.342622756958008
A847,"V2 (IDW p=2, k=15)",2024,17.65177345275879
A847,"V2 (IDW p=2, k=15)",2025,19.744850158691406
A847,"V3 (Gaussiano σ=2.0, k=15)",2000,16.678625106811523
A847,"V3 (Gaussiano σ=2.0, k=15)",2001,13.778027534484863
A847,"V3 (Gaussiano σ=2.0, k=15)",2002,17.30470085144043
A847,"V3 (Gaussiano σ=2.0, k=15)",2003,16.493450164794922
A847,"V3 (Gaussiano σ=2.0, k=15)",2004,15.524335861206056
A847,"V3 (Gaussiano σ=2.0, k=15)",2005,21.014698028564453
A847,"V3 (Gaussiano σ=2.0, k=15)",2006,15.86326026916504
A847,"V3 (Gaussiano σ=2.0, k=15)",2007,15.70896053314209
A847,"V3 (Gaussiano σ=2.0, k=15)",2008,18.53912353515625
A847,"V3 (Gaussiano σ=2.0, k=15)",2009,15.073820114135742
A847,"V3 (Gaussiano σ=2.0, k=15)",2010,14.332048416137695
A847,"V3 (Gaussiano σ=2.0, k=15)",2011,14.804460525512695
A847,"V3 (Gaussiano σ=2.0, k=15)",2012,13.948453903198242
A847,"V3 (Gaussiano σ=2.0, k=15)",2013,16.617633819580078
A847,"V3 (Gaussiano σ=2.0, k=15)",2014,16.547452926635742
A847,"V3 (Gaussiano σ=2.0, k=15)",2015,15.251803398132324
A847,"V3 (Gaussiano σ=2.0, k=15)",2016,16.66692543029785
A847,"V3 (Gaussiano σ=2.0, k=15)",2017,14.606831550598145
A847,"V3 (Gaussiano σ=2.0, k=15)",2018,13.72956657409668
A847,"V3 (Gaussiano σ=2.0, k=15)",2019,14.769302368164062
A847,"V3 (Gaussiano σ=2.0, k=15)",2020,16.05955696105957
A847,"V3 (Gaussiano σ=2.0, k=15)",2021,13.849611282348633
A847,"V3 (Gaussiano σ=2.0, k=15)",2022,18.0062255859375
A847,"V3 (Gaussiano σ=2.0, k=15)",2023,18.44949722290039
A847,"V3 (Gaussiano σ=2.0, k=15)",2024,15.69277000427246
A847,"V3 (Gaussiano σ=2.0, k=15)",2025,16.5845890045166
A847,"V5 (Kriging Ordinário, Xavier 0.1°)",2000,16.678436279296875
A847,"V5 (Kriging Ordinário, Xavier 0.1°)",2001,13.779457092285156
A847,"V5 (Kriging Ordinário, Xavier 0.1°)",2002,17.305559158325195
A847,"V5 (Kriging Ordinário, Xavier 0.1°)",2003,16.553442001342773
A847,"V5 (Kriging Ordinário, Xavier 0.1°)",2004,15.521345138549805
A847,"V5 (Kriging Ordinário, Xavier 0.1°)",2005,21.023834228515625
A847,"V5 (Kriging Ordinário, Xavier 0.1°)",2006,16.367080688476562
A847,"V5 (Kriging Ordinário, Xavier 0.1°)",2007,17.1572265625
A847,"V5 (Kriging Ordinário, Xavier 0.1°)",2008,20.25507926940918
A847,"V5 (Kriging Ordinário, Xavier 0.1°)",2009,23.215866088867188
A847,"V5 (Kriging Ordinário, Xavier 0.1°)",2010,19.83650016784668
A847,"V5 (Kriging Ordinário, Xavier 0.1°)",2011,20.168704986572266
A847,"V5 (Kriging Ordinário, Xavier 0.1°)",2012,23.64112663269043
A847,"V5 (Kriging Ordinário, Xavier 0.1°)",2013,19.554697036743164
A847,"V5 (Kriging Ordinário, Xavier 0.1°)",2014,19.655733108520508
A847,"V5 (Kriging Ordinário, Xavier 0.1°)",2015,17.669879913330078
A847,"V5 (Kriging Ordinário, Xavier 0.1°)",2016,21.65697288513184
A847,"V5 (Kriging Ordinário, Xavier 0.1°)",2017,31.10465240478516
A847,"V5 (Kriging Ordinário, Xavier 0.1°)",2018,21.1409912109375
A847,"V5 (Kriging Ordinário, Xavier 0.1°)",2019,15.616036415100098
A847,"V5 (Kriging Ordinário, Xavier 0.1°)",2020,16.95492935180664
A847,"V5 (Kriging Ordinário, Xavier 0.1°)",2021,14.876954078674316
A847,"V5 (Kriging Ordinário, Xavier 0.1°)",2022,20.042085647583008
A847,"V5 (Kriging Ordinário, Xavier 0.1°)",2023,17.341449737548828
A847,"V5 (Kriging Ordinário, Xavier 0.1°)",2024,16.07634735107422
A847,"V5 (Kriging Ordinário, Xavier 0.1°)",2025,17.51683807373047
A850,Base Pré-Interpolada,2008,23.7
A850,Base Pré-Interpolada,2009,19.3
A850,Base Pré-Interpolada,2010,22.1
A850,Base Pré-Interpolada,2011,22.0
A850,Base Pré-Interpolada,2012,27.2
A850,Base Pré-Interpolada,2013,25.9
A850,Base Pré-Interpolada,2014,31.0
A850,Base Pré-Interpolada,2015,21.3
A850,Base Pré-Interpolada,2016,28.3
A850,Base Pré-Interpolada,2017,27.7
A850,Base Pré-Interpolada,2018,27.4
A850,Base Pré-Interpolada,2019,22.7
A850,Base Pré-Interpolada,2020,28.9
A850,Base Pré-Interpolada,2021,20.5
A850,Base Pré-Interpolada,2022,18.2
A850,Base Pré-Interpolada,2023,35.4
A850,Base Pré-Interpolada,2024,23.7
A850,Base Pré-Interpolada,2025,20.7
A850,ERA5 original,2000,15.7689
A850,ERA5 original,2001,18.9595
A850,ERA5 original,2002,18.7369
A850,ERA5 original,2003,18.6383
A850,ERA5 original,2004,14.2002
A850,ERA5 original,2005,16.5726
A850,ERA5 original,2006,13.6963
A850,ERA5 original,2007,19.3127
A850,ERA5 original,2008,15.1117
A850,ERA5 original,2009,19.8286
A850,ERA5 original,2010,17.06
A850,ERA5 original,2011,18.2966
A850,ERA5 original,2012,23.0752
A850,ERA5 original,2013,18.0185
A850,ERA5 original,2014,15.5603
A850,ERA5 original,2015,16.4486
A850,ERA5 original,2016,16.4621
A850,ERA5 original,2017,16.4056
A850,ERA5 original,2018,16.0225
A850,ERA5 original,2019,14.0297
A850,ERA5 original,2020,17.6226
A850,ERA5 original,2021,16.8822
A850,ERA5 original,2022,17.115
A850,ERA5 original,2023,16.7167
A850,ERA5 original,2024,20.9484
A850,ERA5 original,2025,18.8806
A850,INMET (real),2008,23.7
A850,INMET (real),2009,19.3
A850,INMET (real),2010,22.1
A850,INMET (real),2011,22.0
A850,INMET (real),2012,27.2
A850,INMET (real),2013,25.9
A850,INMET (real),2014,31.0
A850,INMET (real),2015,21.3
A850,INMET (real),2016,28.3
A850,INMET (real),2017,27.7
A850,INMET (real),2018,27.4
A850,INMET (real),2019,22.7
A850,INMET (real),2020,28.9
A850,INMET (real),2021,20.5
A850,INMET (real),2022,18.2
A850,INMET (real),2023,35.4
A850,INMET (real),2024,23.7
A850,INMET (real),2025,20.7
A850,"V2 (IDW p=2, k=15)",2000,15.768880844116213
A850,"V2 (IDW p=2, k=15)",2001,18.95946502685547
A850,"V2 (IDW p=2, k=15)",2002,18.736865997314453
A850,"V2 (IDW p=2, k=15)",2003,18.63825798034668
A850,"V2 (IDW p=2, k=15)",2004,14.20024871826172
A850,"V2 (IDW p=2, k=15)",2005,16.572612762451172
A850,"V2 (IDW p=2, k=15)",2006,13.791417121887209
A850,"V2 (IDW p=2, k=15)",2007,19.48662757873535
A850,"V2 (IDW p=2, k=15)",2008,21.686738967895508
A850,"V2 (IDW p=2, k=15)",2009,19.88021850585937
A850,"V2 (IDW p=2, k=15)",2010,21.161481857299805
A850,"V2 (IDW p=2, k=15)",2011,20.534698486328125
A850,"V2 (IDW p=2, k=15)",2012,24.894271850585938
A850,"V2 (IDW p=2, k=15)",2013,23.51395606994629
A850,"V2 (IDW p=2, k=15)",2014,28.027124404907227
A850,"V2 (IDW p=2, k=15)",2015,20.165470123291016
A850,"V2 (IDW p=2, k=15)",2016,25.678646087646484
A850,"V2 (IDW p=2, k=15)",2017,24.33463287353516
A850,"V2 (IDW p=2, k=15)",2018,25.376909255981445
A850,"V2 (IDW p=2, k=15)",2019,21.732175827026367
A850,"V2 (IDW p=2, k=15)",2020,26.08544158935547
A850,"V2 (IDW p=2, k=15)",2021,18.57310104370117
A850,"V2 (IDW p=2, k=15)",2022,17.15522003173828
A850,"V2 (IDW p=2, k=15)",2023,31.08231735229492
A850,"V2 (IDW p=2, k=15)",2024,22.373016357421875
A850,"V2 (IDW p=2, k=15)",2025,19.27672576904297
A850,"V3 (Gaussiano σ=2.0, k=15)",2000,15.885266304016112
A850,"V3 (Gaussiano σ=2.0, k=15)",2001,18.670978546142575
A850,"V3 (Gaussiano σ=2.0, k=15)",2002,18.670339584350582
A850,"V3 (Gaussiano σ=2.0, k=15)",2003,18.57435417175293
A850,"V3 (Gaussiano σ=2.0, k=15)",2004,14.44775390625
A850,"V3 (Gaussiano σ=2.0, k=15)",2005,15.989914894104004
A850,"V3 (Gaussiano σ=2.0, k=15)",2006,14.866798400878906
A850,"V3 (Gaussiano σ=2.0, k=15)",2007,18.72797966003418
A850,"V3 (Gaussiano σ=2.0, k=15)",2008,17.882970809936523
A850,"V3 (Gaussiano σ=2.0, k=15)",2009,18.128496170043945
A850,"V3 (Gaussiano σ=2.0, k=15)",2010,16.032917022705078
A850,"V3 (Gaussiano σ=2.0, k=15)",2011,17.430049896240234
A850,"V3 (Gaussiano σ=2.0, k=15)",2012,16.37900161743164
A850,"V3 (Gaussiano σ=2.0, k=15)",2013,17.63857078552246
A850,"V3 (Gaussiano σ=2.0, k=15)",2014,17.607149124145508
A850,"V3 (Gaussiano σ=2.0, k=15)",2015,16.353736877441406
A850,"V3 (Gaussiano σ=2.0, k=15)",2016,19.539209365844727
A850,"V3 (Gaussiano σ=2.0, k=15)",2017,19.588468551635746
A850,"V3 (Gaussiano σ=2.0, k=15)",2018,18.69956970214844
A850,"V3 (Gaussiano σ=2.0, k=15)",2019,17.774784088134766
A850,"V3 (Gaussiano σ=2.0, k=15)",2020,15.856054306030272
A850,"V3 (Gaussiano σ=2.0, k=15)",2021,16.9957218170166
A850,"V3 (Gaussiano σ=2.0, k=15)",2022,18.56109046936035
A850,"V3 (Gaussiano σ=2.0, k=15)",2023,18.48890686035156
A850,"V3 (Gaussiano σ=2.0, k=15)",2024,18.7115421295166
A850,"V3 (Gaussiano σ=2.0, k=15)",2025,19.774269104003903
A850,"V5 (Kriging Ordinário, Xavier 0.1°)",2000,15.88526725769043
A850,"V5 (Kriging Ordinário, Xavier 0.1°)",2001,18.73556137084961
A850,"V5 (Kriging Ordinário, Xavier 0.1°)",2002,18.67051696777344
A850,"V5 (Kriging Ordinário, Xavier 0.1°)",2003,18.57382583618164
A850,"V5 (Kriging Ordinário, Xavier 0.1°)",2004,14.445205688476562
A850,"V5 (Kriging Ordinário, Xavier 0.1°)",2005,16.20888900756836
A850,"V5 (Kriging Ordinário, Xavier 0.1°)",2006,13.82075309753418
A850,"V5 (Kriging Ordinário, Xavier 0.1°)",2007,19.231952667236328
A850,"V5 (Kriging Ordinário, Xavier 0.1°)",2008,23.45775985717773
A850,"V5 (Kriging Ordinário, Xavier 0.1°)",2009,19.60476303100586
A850,"V5 (Kriging Ordinário, Xavier 0.1°)",2010,21.966007232666016
A850,"V5 (Kriging Ordinário, Xavier 0.1°)",2011,21.73252487182617
A850,"V5 (Kriging Ordinário, Xavier 0.1°)",2012,26.58517074584961
A850,"V5 (Kriging Ordinário, Xavier 0.1°)",2013,25.437110900878903
A850,"V5 (Kriging Ordinário, Xavier 0.1°)",2014,30.634349822998047
A850,"V5 (Kriging Ordinário, Xavier 0.1°)",2015,20.740375518798828
A850,"V5 (Kriging Ordinário, Xavier 0.1°)",2016,27.663654327392575
A850,"V5 (Kriging Ordinário, Xavier 0.1°)",2017,27.1416130065918
A850,"V5 (Kriging Ordinário, Xavier 0.1°)",2018,26.80762481689453
A850,"V5 (Kriging Ordinário, Xavier 0.1°)",2019,22.420345306396484
A850,"V5 (Kriging Ordinário, Xavier 0.1°)",2020,28.55363655090332
A850,"V5 (Kriging Ordinário, Xavier 0.1°)",2021,20.30975341796875
A850,"V5 (Kriging Ordinário, Xavier 0.1°)",2022,17.985517501831055
A850,"V5 (Kriging Ordinário, Xavier 0.1°)",2023,34.80829620361328
A850,"V5 (Kriging Ordinário, Xavier 0.1°)",2024,23.59102249145508
A850,"V5 (Kriging Ordinário, Xavier 0.1°)",2025,20.548269271850582
A870,Base Pré-Interpolada,2016,17.2609
A870,Base Pré-Interpolada,2017,21.4
A870,Base Pré-Interpolada,2018,20.7
A870,Base Pré-Interpolada,2019,19.2576
A870,Base Pré-Interpolada,2020,21.5
A870,Base Pré-Interpolada,2021,21.8
A870,Base Pré-Interpolada,2022,22.1832
A870,Base Pré-Interpolada,2023,28.7089
A870,Base Pré-Interpolada,2024,15.5
A870,ERA5 original,2000,19.1553
A870,ERA5 original,2001,17.8259
A870,ERA5 original,2002,21.3905
A870,ERA5 original,2003,19.4871
A870,ERA5 original,2004,22.2893
A870,ERA5 original,2005,19.8225
A870,ERA5 original,2006,22.5442
A870,ERA5 original,2007,18.8863
A870,ERA5 original,2008,20.1906
A870,ERA5 original,2009,18.8657
A870,ERA5 original,2010,21.1781
A870,ERA5 original,2011,24.0712
A870,ERA5 original,2012,21.5142
A870,ERA5 original,2013,21.1217
A870,ERA5 original,2014,18.906
A870,ERA5 original,2015,22.732
A870,ERA5 original,2016,20.8539
A870,ERA5 original,2017,19.993
A870,ERA5 original,2018,18.4071
A870,ERA5 original,2019,19.2576
A870,ERA5 original,2020,27.2379
A870,ERA5 original,2021,18.1094
A870,ERA5 original,2022,22.1832
A870,ERA5 original,2023,28.7089
A870,ERA5 original,2024,16.7414
A870,ERA5 original,2025,21.4751
A870,INMET (real),2016,16.7
A870,INMET (real),2017,21.4
A870,INMET (real),2018,20.7
A870,INMET (real),2019,18.9
A870,INMET (real),2020,21.5
A870,INMET (real),2021,21.8
A870,INMET (real),2022,21.5
A870,INMET (real),2023,24.2
A870,INMET (real),2024,15.5
A870,"V2 (IDW p=2, k=15)",2000,19.15529060363769
A870,"V2 (IDW p=2, k=15)",2001,17.825851440429688
A870,"V2 (IDW p=2, k=15)",2002,21.390485763549805
A870,"V2 (IDW p=2, k=15)",2003,19.516958236694336
A870,"V2 (IDW p=2, k=15)",2004,22.322416305541992
A870,"V2 (IDW p=2, k=15)",2005,19.8225212097168
A870,"V2 (IDW p=2, k=15)",2006,22.664743423461918
A870,"V2 (IDW p=2, k=15)",2007,18.90081024169922
A870,"V2 (IDW p=2, k=15)",2008,20.43407821655273
A870,"V2 (IDW p=2, k=15)",2009,19.175270080566406
A870,"V2 (IDW p=2, k=15)",2010,21.531381607055664
A870,"V2 (IDW p=2, k=15)",2011,24.38674736022949
A870,"V2 (IDW p=2, k=15)",2012,21.956636428833008
A870,"V2 (IDW p=2, k=15)",2013,21.40107536315918
A870,"V2 (IDW p=2, k=15)",2014,19.223575592041016
A870,"V2 (IDW p=2, k=15)",2015,23.020477294921875
A870,"V2 (IDW p=2, k=15)",2016,21.54174423217773
A870,"V2 (IDW p=2, k=15)",2017,21.220264434814453
A870,"V2 (IDW p=2, k=15)",2018,20.223817825317383
A870,"V2 (IDW p=2, k=15)",2019,19.997676849365234
A870,"V2 (IDW p=2, k=15)",2020,27.24263572692871
A870,"V2 (IDW p=2, k=15)",2021,21.49645233154297
A870,"V2 (IDW p=2, k=15)",2022,22.366762161254883
A870,"V2 (IDW p=2, k=15)",2023,28.94233512878418
A870,"V2 (IDW p=2, k=15)",2024,17.10772132873535
A870,"V2 (IDW p=2, k=15)",2025,21.482126235961918
A870,"V3 (Gaussiano σ=2.0, k=15)",2000,18.551973342895508
A870,"V3 (Gaussiano σ=2.0, k=15)",2001,18.66071510314941
A870,"V3 (Gaussiano σ=2.0, k=15)",2002,21.825740814208984
A870,"V3 (Gaussiano σ=2.0, k=15)",2003,20.18674087524414
A870,"V3 (Gaussiano σ=2.0, k=15)",2004,23.21653938293457
A870,"V3 (Gaussiano σ=2.0, k=15)",2005,20.600608825683597
A870,"V3 (Gaussiano σ=2.0, k=15)",2006,23.17449951171875
A870,"V3 (Gaussiano σ=2.0, k=15)",2007,17.749235153198242
A870,"V3 (Gaussiano σ=2.0, k=15)",2008,20.6859130859375
A870,"V3 (Gaussiano σ=2.0, k=15)",2009,21.21923065185547
A870,"V3 (Gaussiano σ=2.0, k=15)",2010,22.93724632263184
A870,"V3 (Gaussiano σ=2.0, k=15)",2011,24.32850646972656
A870,"V3 (Gaussiano σ=2.0, k=15)",2012,22.265363693237305
A870,"V3 (Gaussiano σ=2.0, k=15)",2013,21.5820426940918
A870,"V3 (Gaussiano σ=2.0, k=15)",2014,19.044095993041992
A870,"V3 (Gaussiano σ=2.0, k=15)",2015,22.134620666503903
A870,"V3 (Gaussiano σ=2.0, k=15)",2016,22.00479507446289
A870,"V3 (Gaussiano σ=2.0, k=15)",2017,21.73102188110352
A870,"V3 (Gaussiano σ=2.0, k=15)",2018,19.088138580322266
A870,"V3 (Gaussiano σ=2.0, k=15)",2019,20.929685592651367
A870,"V3 (Gaussiano σ=2.0, k=15)",2020,24.293243408203125
A870,"V3 (Gaussiano σ=2.0, k=15)",2021,18.34906005859375
A870,"V3 (Gaussiano σ=2.0, k=15)",2022,20.389780044555664
A870,"V3 (Gaussiano σ=2.0, k=15)",2023,27.064678192138672
A870,"V3 (Gaussiano σ=2.0, k=15)",2024,19.87254905700684
A870,"V3 (Gaussiano σ=2.0, k=15)",2025,20.78351211547852
A870,"V5 (Kriging Ordinário, Xavier 0.1°)",2000,18.16462516784668
A870,"V5 (Kriging Ordinário, Xavier 0.1°)",2001,18.661365509033203
A870,"V5 (Kriging Ordinário, Xavier 0.1°)",2002,21.82333374023437
A870,"V5 (Kriging Ordinário, Xavier 0.1°)",2003,20.146114349365234
A870,"V5 (Kriging Ordinário, Xavier 0.1°)",2004,23.170574188232425
A870,"V5 (Kriging Ordinário, Xavier 0.1°)",2005,20.613954544067383
A870,"V5 (Kriging Ordinário, Xavier 0.1°)",2006,23.20555877685547
A870,"V5 (Kriging Ordinário, Xavier 0.1°)",2007,18.322200775146484
A870,"V5 (Kriging Ordinário, Xavier 0.1°)",2008,19.698881149291992
A870,"V5 (Kriging Ordinário, Xavier 0.1°)",2009,18.96297645568848
A870,"V5 (Kriging Ordinário, Xavier 0.1°)",2010,21.70772361755371
A870,"V5 (Kriging Ordinário, Xavier 0.1°)",2011,23.8831787109375
A870,"V5 (Kriging Ordinário, Xavier 0.1°)",2012,22.096736907958984
A870,"V5 (Kriging Ordinário, Xavier 0.1°)",2013,20.77924346923828
A870,"V5 (Kriging Ordinário, Xavier 0.1°)",2014,17.783206939697266
A870,"V5 (Kriging Ordinário, Xavier 0.1°)",2015,22.03692054748535
A870,"V5 (Kriging Ordinário, Xavier 0.1°)",2016,20.79176521301269
A870,"V5 (Kriging Ordinário, Xavier 0.1°)",2017,20.89702033996582
A870,"V5 (Kriging Ordinário, Xavier 0.1°)",2018,21.60506248474121
A870,"V5 (Kriging Ordinário, Xavier 0.1°)",2019,19.02596664428711
A870,"V5 (Kriging Ordinário, Xavier 0.1°)",2020,26.41807556152344
A870,"V5 (Kriging Ordinário, Xavier 0.1°)",2021,22.269969940185547
A870,"V5 (Kriging Ordinário, Xavier 0.1°)",2022,21.92914581298828
A870,"V5 (Kriging Ordinário, Xavier 0.1°)",2023,24.07733154296875
A870,"V5 (Kriging Ordinário, Xavier 0.1°)",2024,18.036598205566406
A870,"V5 (Kriging Ordinário, Xavier 0.1°)",2025,21.892372131347656
