codigo_estacao,p95,p99,n_obs
A001,21.080757,22.687527,26
A002,21.766598,22.483513,26
A003,22.907951,23.76239,26
A004,22.182356,22.799414,26
A005,20.84861,22.452171,26
A006,15.707793,16.733019,26
A007,16.662851,21.16087,26
A008,23.992907,25.605337,26
A009,22.853092,22.950817,26
A010,21.445133,24.07733,26
A011,24.708876,24.7185,26
A012,22.772041,23.411861,26
A013,21.406324,23.619537,26
A014,23.578413,24.139412,26
A015,22.944473,23.42054,26
A016,23.444155,23.633839,26
A017,22.081182,22.6277,26
A018,23.690632,24.063694,26
A019,21.805798,23.869265,26
A020,22.428349,22.98458,26
A021,17.06897,17.350832,26
A022,23.324574,23.5665,26
A023,22.412613,22.90397,26
A024,20.7525,23.080883,26
A025,24.087753,24.53855,26
A026,23.435095,23.482622,26
A027,23.542107,23.652073,26
A028,22.118618,23.313251,26
A029,28.574905,37.167206,26
A031,26.316364,27.967472,26
A032,24.080462,25.000078,26
A033,22.33249,22.408936,26
A034,21.404148,21.868637,26
A035,22.517979,23.09597,26
A036,22.735655,22.98865,26
A037,20.439163,22.509254,26
A038,22.756615,23.165323,26
A039,22.203548,23.250805,26
A040,23.29437,23.587288,26
A041,23.38691,23.917019,26
A042,23.268402,27.513542,26
A043,18.617893,19.078957,26
A044,23.210882,23.25526,26
A045,20.397583,20.730457,26
A046,23.992907,25.605337,26
A047,22.034954,22.714333,26
A048,26.578938,33.128963,26
A049,24.304691,34.018745,26
A050,23.954126,27.728863,26
A051,20.178715,20.667736,26
A052,20.367542,22.07325,26
A053,22.303944,23.768764,26
A054,21.806059,22.88629,26
A055,19.72147,26.523296,26
A056,34.34434,36.660725,26
A101,35.480877,37.528954,26
A102,21.78846,22.507542,26
A104,23.254435,23.685192,26
A108,18.433498,18.997297,26
A109,19.836838,22.032635,26
A110,21.397036,22.643768,26
A111,19.580986,19.93366,26
A112,23.712498,24.341076,26
A113,22.345757,23.079601,26
A117,21.381212,21.92125,26
A119,20.67818,21.475529,26
A121,19.10521,20.977907,26
A122,18.632368,19.085075,26
A123,17.884481,19.86813,26
A124,16.608906,17.005081,26
A125,19.827194,22.403555,26
A126,18.301014,22.797195,26
A127,12.963343,13.966157,26
A128,18.603073,20.171524,26
A133,19.51992,23.345238,26
A134,19.053537,19.308151,26
A135,22.775627,24.347141,26
A136,19.427057,19.811172,26
A137,23.69246,24.34527,26
A138,23.988298,24.133366,26
A140,19.395624,21.386936,26
A144,14.017445,20.32211,26
A201,18.922382,19.50446,26
A202,19.114668,19.906685,26
A203,17.21305,17.769276,26
A204,22.517275,23.769377,26
A205,20.762114,21.25986,26
A206,22.418625,23.825274,26
A207,16.486565,21.09935,26
A208,14.893399,17.140924,26
A209,16.918045,17.858913,26
A210,20.463219,21.268885,26
A211,20.290123,23.060797,26
A212,22.585653,23.73995,26
A213,19.095604,19.462101,26
A214,20.542717,21.593916,26
A215,16.574112,17.815212,26
A216,24.612762,33.41768,26
A217,,,26
A218,,,26
A219,19.185085,19.596474,26
A220,21.540154,21.9105,26
A221,19.980404,22.671902,26
A222,22.818356,23.637138,26
A223,21.489357,21.662432,26
A224,23.210972,23.678783,26
A225,24.7737,25.02829,26
A226,23.138094,24.45081,26
A227,18.087591,21.813644,26
A228,24.13563,29.504818,26
A229,21.065918,22.596024,26
A230,22.545921,23.721426,26
A231,19.939514,21.79443,26
A232,19.676594,22.81074,26
A233,24.204037,24.517288,26
A234,21.393326,22.956112,26
A235,22.815907,23.741093,26
A236,18.56442,19.653751,26
A237,23.154274,23.636429,26
A238,20.866537,22.30688,26
A239,22.670326,23.359383,26
A240,21.72977,22.945847,26
A241,22.809448,23.092411,26
A242,,,26
A243,21.44062,23.07604,26
A244,21.79149,23.758131,26
A245,16.365824,17.087044,26
A246,21.392752,21.830301,26
A247,34.817513,43.778587,26
A248,20.590466,21.371918,26
A249,21.308859,22.882645,26
A250,16.946566,22.240181,26
A251,16.90333,32.462433,26
A252,38.37561,39.74225,26
A253,24.659182,34.562077,26
A254,19.996199,22.370766,26
A255,18.672207,33.90998,26
A256,31.91111,39.49176,26
A301,,,26
A302,,,26
A303,23.071857,23.854652,26
A304,19.78819,21.993675,26
A305,16.40784,20.974257,26
A306,22.265718,23.507654,26
A307,23.25875,24.995474,26
A308,20.590633,22.640577,26
A309,23.785412,24.29542,26
A310,17.731007,18.081726,26
A311,21.1029,21.84046,26
A312,21.131926,21.450508,26
A313,17.811386,19.051006,26
A314,17.776453,18.68468,26
A315,19.910976,21.793533,26
A316,23.640408,23.904675,26
A317,23.404655,24.850508,26
A318,20.624256,21.024832,26
A319,21.938002,23.094864,26
A320,,,26
A321,22.942524,23.080784,26
A322,17.089718,18.473618,26
A323,20.376408,22.650034,26
A324,20.71671,22.275911,26
A325,21.447891,21.915405,26
A326,23.740818,24.079082,26
A327,18.560087,18.86222,26
A328,17.207497,17.472454,26
A329,22.021496,22.455143,26
A330,24.467781,34.179153,26
A331,21.921871,25.912134,26
A332,22.335537,23.382175,26
A333,21.040422,21.492714,26
A334,21.045784,21.609516,26
A335,22.127432,22.290804,26
A336,22.78564,23.187231,26
A337,21.295277,23.021118,26
A338,21.41224,23.024286,26
A339,19.685495,20.869911,26
A340,20.963638,22.49708,26
A341,18.856058,19.9216,26
A342,23.045626,23.828894,26
A343,20.753382,22.144918,26
A344,,,26
A345,19.840742,20.214148,26
A346,17.00515,18.136635,26
A347,22.237434,23.202843,26
A348,21.683674,22.21262,26
A349,22.183752,22.923016,26
A350,21.628716,22.528866,26
A351,20.939716,22.316397,26
A352,16.883644,18.877855,26
A353,17.822372,19.037167,26
A354,22.178425,22.529472,26
A355,16.544458,19.5178,26
A356,15.6261425,16.33081,26
A357,18.314074,22.268158,26
A358,23.019047,23.420483,26
A359,20.26955,23.039877,26
A360,17.974089,18.262047,26
A361,19.060986,19.989613,26
A362,19.570227,20.494263,26
A363,23.22781,23.545141,26
A364,21.965498,23.19958,26
A365,21.152313,22.010338,26
A366,20.7327,22.961224,26
A367,17.639832,18.528797,26
A368,18.000477,19.529428,26
A369,17.32498,18.094477,26
A370,23.049982,25.223368,26
A371,21.899551,25.816189,26
A372,24.374865,36.540062,26
A373,19.757086,19.922918,26
A374,18.073519,24.849476,26
A375,19.92944,26.991001,26
A376,20.900333,21.568783,26
A377,26.501265,36.404423,26
A401,,,26
A402,23.209005,23.394138,26
A403,,,26
A404,23.350613,24.137383,26
A405,19.694992,21.098837,26
A406,17.577337,17.873611,26
A407,17.967072,19.640657,26
A408,22.08496,22.498083,26
A409,33.35172,41.160995,26
A410,23.277132,27.933992,26
A411,20.53193,21.345766,26
A412,22.973066,23.639046,26
A413,20.708479,22.484524,26
A414,19.027714,22.29759,26
A415,20.816353,21.032576,26
A416,22.907242,24.281818,26
A417,19.739912,22.558084,26
A418,19.266212,19.783464,26
A419,19.862995,20.465857,26
A420,21.228798,22.580513,26
A421,15.879738,17.362307,26
A422,,,26
A423,23.911861,24.44788,26
A424,20.406284,21.502934,26
A425,17.940872,21.301186,26
A426,22.050518,22.418997,26
A427,21.356102,21.93028,26
A428,19.912676,22.718716,26
A429,22.877007,24.642136,26
A430,20.904789,21.248268,26
A431,,,26
A432,23.73047,23.9903,26
A433,21.365973,23.644907,26
A434,17.679459,20.218395,26
A435,22.694065,23.460606,26
A436,21.98453,23.129185,26
A437,16.260136,17.121933,26
A438,17.867971,22.785498,26
A439,23.200085,23.408648,26
A440,22.082964,22.779375,26
A441,21.048054,21.66565,26
A442,23.633814,24.015726,26
A443,21.045187,23.22554,26
A444,17.736229,19.041233,26
A445,17.135128,21.355175,26
A446,23.598028,25.164677,26
A447,19.786043,21.390968,26
A448,19.023836,19.623638,26
A449,17.425756,18.343,26
A450,20.624321,20.983688,26
A451,15.363388,19.471226,26
A452,18.506042,19.406418,26
A453,15.487899,15.580965,26
A454,19.259169,20.707855,26
A455,20.864922,22.615349,26
A456,17.704727,17.880192,26
A458,26.90524,36.73465,26
A501,17.08569,17.304577,26
A502,23.72779,24.36913,26
A503,23.65118,23.679613,26
A504,18.347597,20.255232,26
A505,23.23405,23.897903,26
A506,21.63455,23.19441,26
A507,21.784058,22.230621,26
A508,21.30375,22.83112,26
A509,22.835823,23.16552,26
A510,21.4122,22.231697,26
A511,16.955748,17.428059,26
A512,24.020063,30.5781,26
A513,24.088673,24.323378,26
A514,26.45887,31.55211,26
A515,20.776934,21.483833,26
A516,24.137215,24.301601,26
A517,22.254536,23.540775,26
A518,25.477364,26.466316,26
A519,24.037653,24.180317,26
A520,23.345,23.533442,26
A521,21.42994,21.640793,26
A522,21.835194,22.10802,26
A523,20.931442,21.251234,26
A524,22.431686,23.769505,26
A525,23.38826,23.879547,26
A526,20.338398,22.666412,26
A527,22.536886,23.056381,26
A528,20.927094,22.382092,26
A529,23.358734,24.408215,26
A530,20.43701,22.03374,26
A531,20.771923,21.191011,26
A532,27.058105,27.751354,26
A533,23.752045,24.086727,26
A534,23.11959,23.430113,26
A535,19.210133,20.024126,26
A536,23.669128,23.797804,26
A537,22.71262,23.323277,26
A538,22.325672,23.473145,26
A539,21.224707,21.835587,26
A540,21.622522,22.3537,26
A541,22.333323,22.850971,26
A542,23.050997,23.98913,26
A543,21.60567,22.141666,26
A544,23.09692,26.16188,26
A545,21.35398,21.485939,26
A546,21.77821,22.376343,26
A547,24.078289,25.675213,26
A548,22.651924,23.348747,26
A549,22.455542,24.328007,26
A550,22.109339,23.364408,26
A551,21.78794,22.628294,26
A552,21.612024,22.00706,26
A553,22.583532,23.547546,26
A554,22.249294,23.3167,26
A555,21.277353,21.56572,26
A556,23.414402,23.711548,26
A557,22.471508,24.049782,26
A559,18.719826,19.083904,26
A560,19.879845,20.86859,26
A561,21.84191,22.818417,26
A562,22.004486,24.73619,26
A563,20.328901,20.946632,26
A564,22.626999,24.561996,26
A565,23.07962,31.169464,26
A566,19.717571,22.026867,26
A567,28.541435,37.948406,26
A568,22.775583,23.23239,26
A569,22.987766,23.275007,26
A570,27.077017,34.076607,26
A571,21.454494,25.17767,26
A572,18.67218,20.996498,26
A601,24.581285,26.093662,26
A602,25.82589,28.129456,26
A603,23.114494,24.521889,26
A604,19.307173,20.022783,26
A605,,,26
A606,27.818659,30.653662,26
A607,29.105272,32.51452,26
A608,27.530533,30.614853,26
A609,34.20323,40.47359,26
A610,31.832443,34.36779,26
A611,23.307629,23.954819,26
A612,20.188507,20.729006,26
A613,20.037867,20.382874,26
A614,24.664375,35.2871,26
A615,24.438084,28.530476,26
A616,19.36573,20.967113,26
A617,22.93699,23.396057,26
A618,19.731262,19.904068,26
A619,22.002785,23.012054,26
A620,,,26
A621,23.958536,26.264614,26
A622,24.732836,25.384863,26
A623,22.19512,22.663076,26
A624,22.01598,22.541977,26
A625,18.22281,19.878433,26
A626,20.083317,22.817883,26
A627,,,26
A628,,,26
A629,17.372063,20.861767,26
A630,18.302532,19.285095,26
A631,27.52219,42.23321,26
A632,18.597645,36.30464,26
A633,17.839333,18.523958,26
A634,18.441004,19.570312,26
A635,25.306427,27.376333,26
A636,20.15204,20.265833,26
A637,17.682653,18.348186,26
A651,,,26
A652,,,26
A653,18.524012,19.479366,26
A654,19.150043,19.639393,26
A655,17.670546,18.28656,26
A656,18.524012,19.479366,26
A657,22.158966,30.167276,26
A659,21.851997,22.980474,26
A667,21.51323,24.867668,26
A701,23.811615,24.740229,26
A702,24.872433,27.400324,26
A703,,,26
A704,24.229221,24.457476,26
A705,23.048271,24.265938,26
A706,21.453976,22.095575,26
A707,23.373648,23.733974,26
A708,20.605093,21.640024,26
A709,24.642857,30.95813,26
A710,22.517204,27.765638,26
A711,22.597908,23.203716,26
A712,23.42153,24.069468,26
A713,23.67894,24.89809,26
A714,23.099121,23.876944,26
A715,23.602392,23.887049,26
A716,28.692114,31.711502,26
A717,24.162416,24.24097,26
A718,23.371117,23.773384,26
A719,22.333666,22.369652,26
A720,22.97837,23.36876,26
A721,22.84677,26.430538,26
A722,23.478626,23.806396,26
A723,23.624172,24.362095,26
A724,24.277905,36.22448,26
A725,23.535938,23.76437,26
A726,24.567518,25.153881,26
A727,23.169771,24.081875,26
A728,23.443192,23.848896,26
A729,22.558931,22.652958,26
A730,22.24677,23.788866,26
A731,22.822674,23.405586,26
A732,24.682,24.795498,26
A733,23.910583,24.028406,26
A734,25.329748,27.464901,26
A735,23.93421,24.051647,26
A736,23.54008,24.55794,26
A737,23.16826,23.721357,26
A738,22.070345,22.944603,26
A739,20.495468,22.511362,26
A740,23.236736,25.423252,26
A741,23.23555,23.867924,26
A742,24.533916,24.727869,26
A743,28.666405,30.151262,26
A744,34.62841,39.732124,26
A745,,,26
A746,20.547092,20.613861,26
A747,24.166546,25.11893,26
A748,21.234516,22.11489,26
A749,22.329523,24.879425,26
A750,24.746906,25.49467,26
A751,24.579775,24.828335,26
A752,23.700954,23.996914,26
A753,23.209867,24.042606,26
A754,26.323547,36.725872,26
A755,25.460262,27.319824,26
A756,23.839762,24.46129,26
A757,23.339394,23.716053,26
A758,22.925133,23.581558,26
A759,23.916176,24.986855,26
A760,23.777403,24.0541,26
A761,24.194597,24.424145,26
A762,29.96957,38.179543,26
A763,23.685919,30.727982,26
A764,20.893143,23.829277,26
A765,24.173004,27.183651,26
A766,20.085335,32.25856,26
A767,,,26
A768,24.82514,25.201796,26
A769,22.97517,24.721323,26
A770,20.035706,21.515625,26
A771,24.804762,27.63947,26
A801,25.594715,27.86845,26
A802,31.084896,31.794397,26
A803,25.47115,25.72212,26
A804,30.420483,31.636665,26
A805,32.545654,36.306507,26
A806,26.087452,29.372845,26
A807,24.518826,25.719957,26
A808,25.719091,29.455635,26
A809,26.76643,27.765926,26
A810,31.753399,35.097332,26
A811,30.842522,34.040703,26
A814,24.519985,29.524412,26
A815,29.079903,30.37343,26
A816,34.483646,35.672585,26
A817,30.635223,32.61645,26
A818,23.665325,24.174086,26
A819,24.298475,25.113144,26
A820,31.776043,32.833435,26
A821,25.276093,26.823166,26
A822,27.40169,28.587627,26
A823,28.674906,31.47963,26
A824,29.612732,29.975426,26
A825,29.773283,31.679846,26
A826,25.438932,25.714844,26
A827,29.365198,35.849125,26
A828,27.526958,32.8108,26
A829,31.643063,41.00785,26
A830,30.662277,31.10646,26
A831,32.24987,33.347706,26
A832,28.680481,30.21214,26
A833,32.63361,38.222813,26
A834,,,26
A835,24.811266,28.529236,26
A836,31.19667,34.42198,26
A837,37.019154,38.285454,26
A839,30.303375,31.36789,26
A840,27.134827,28.086494,26
A841,29.529453,30.75645,26
A842,25.921612,28.004725,26
A843,34.185204,37.453594,26
A844,33.240177,38.29233,26
A845,38.8037,39.674988,26
A846,30.001621,30.92138,26
A847,23.534811,29.238771,26
A848,,,26
A849,29.23426,31.162905,26
A850,30.114172,33.76481,26
A851,23.848705,25.449963,26
A852,26.455027,27.377605,26
A853,36.565857,38.544838,26
A854,24.44813,28.261633,26
A855,31.640099,33.424183,26
A856,29.211622,34.61274,26
A857,27.909872,31.97406,26
A858,30.201345,31.900417,26
A859,26.471378,29.463812,26
A860,31.604939,37.677227,26
A861,27.73676,29.027256,26
A862,25.531792,28.600683,26
A863,28.700333,29.842957,26
A864,29.131306,31.041183,26
A865,23.43472,24.322763,26
A866,,,26
A867,27.75458,28.222946,26
A868,24.772882,31.439627,26
A869,24.097809,26.934212,26
A870,24.028793,25.83289,26
A871,26.521568,29.14221,26
A872,25.319138,27.15511,26
A873,25.821007,33.01622,26
A874,20.718765,29.3552,26
A875,21.804695,22.008106,26
A876,28.942585,31.708132,26
A878,36.19905,39.02352,26
A879,36.56035,43.75563,26
A880,41.560295,41.828613,26
A881,29.560444,32.389095,26
A882,24.629307,32.231503,26
A883,24.114763,24.524939,26
A884,23.64386,24.130503,26
A886,27.85626,33.126194,26
A889,24.049816,24.160381,26
A893,29.608091,31.422773,26
A894,24.14151,24.703634,26
A895,27.095919,29.39071,26
A897,28.983131,29.615425,26
A898,27.881857,31.49557,26
A901,23.13217,23.83459,26
A902,24.45551,24.772316,26
A903,21.263897,21.334606,26
A904,22.11277,22.336124,26
A905,22.991669,23.606234,26
A906,24.021284,24.521042,26
A907,23.825481,23.94734,26
A908,23.910385,24.068125,26
A909,21.619255,22.862165,26
A910,21.650295,21.750769,26
A911,29.595184,36.298172,26
A912,23.483654,23.570433,26
A913,21.799303,22.474804,26
A914,21.375923,21.63694,26
A915,23.5055,23.811184,26
A916,23.538578,24.197374,26
A917,22.06414,23.55822,26
A918,22.72705,23.135054,26
A919,23.698893,24.008297,26
A920,23.110458,23.777098,26
A921,22.32413,23.508694,26
A922,22.746414,23.277424,26
A923,28.116055,40.5128,26
A924,21.134,22.418987,26
A925,24.291117,24.318462,26
A926,21.71213,23.071585,26
A927,21.961405,22.042469,26
A928,21.768692,22.5293,26
A929,23.979866,24.303596,26
A930,21.245922,21.850628,26
A931,23.42342,23.650442,26
A932,22.60065,23.142067,26
A933,22.322811,22.964186,26
A934,23.931015,24.459044,26
A935,21.610008,22.18311,26
A936,21.872017,22.13585,26
A937,21.248245,23.248108,26
A938,21.256187,22.26918,26
A939,23.566109,24.193493,26
A940,24.811115,24.965672,26
A941,20.400272,21.53222,26
A942,21.719223,30.448362,26
A943,21.627033,25.443106,26
A944,18.075523,19.162928,26
B803,27.114431,31.07562,26
B804,29.023275,32.597256,26
B806,22.822794,23.760273,26
B807,23.778744,23.963926,26
B808,23.382492,23.795723,26
B809,23.794308,24.069633,26
B810,23.366013,24.056767,26
B811,24.146946,24.763802,26
B812,22.919144,23.303015,26
B813,23.221003,24.149933,26
B814,20.414682,21.428368,26
B816,25.150393,27.518276,26
B817,31.06781,32.521908,26
B818,25.938597,27.351135,26
B819,24.045738,25.019049,26
B820,26.0139,26.841183,26
B821,25.165796,25.713457,26
B822,24.303299,24.55408,26
B823,28.470741,29.594204,26
B825,23.778744,23.963926,26
B827,29.365198,35.849125,26
B828,27.954817,30.450094,26
B829,30.358126,36.102955,26
F501,18.67218,20.996498,26
